Symbol,Fund Name,Asset Class,Mgmt Fee (%),AUM ($),Prev. Close ($),Avg Daily Vol (30D),Inception Date
AAPU,SavvyLong (2X) AAPL ETF,-,1.55,2864000,,8523,2025-06-03
ABHI,Ninepoint Barrick HighShares ETF,Single Stock ETF,0,14688000,,10569,2025-08-22
ABXU,SavvyLong (2X) Barrick ETF,Single Stock ETF,1.25,5254500,,5253,2025-10-20
ACAA,Arrow Long/Short Alternative Fund,Alternative,0.65,20181700,,22062,2022-11-02
ADIV,Arrow EC Equity Advantage Alternative Fund,Equity,0.95,3502200,,202,2023-12-31
AEME,Harvest Agnico Eagle Enhanced High Income Shares ETF,Single Stock ETF,0.4,14267750,,30198,2025-08-21
AGCC,Global X Silver Covered Call ETF,Commodity,0.6,19350899.45,,56676,2025-10-07
AGG,Evolve Canadian Aggregate Bond Enhanced Yield Fund,Fixed Income,0.45,47217500,,26018,2024-09-25
AGGU,iShares US Aggregate Bond Index ETF,-,-,-,,-,-
AGSL,AGF Global Select Fund,Equity,0.8,1177000,,11442,2026-01-08
AIGO,Global X Artificial Intelligence & Technology Index ETF,Equity,0.49,18062500,,11763,2024-05-15
ALPU,SavvyLong (2X) GOOGL ETF,Single Stock ETF,1.55,5636250,,23734,2025-06-03
ALZ,Allianz CDR (CAD Hedged),-,-,2884000,,5747,-
AMAX,Hamilton Gold Producer YIELD MAXIMIZER TM ETF,Equity,0.65,554247879.36,,206315,2024-02-06
AMDY,Harvest AMD Enhanced High Income Shares ETF,Single Stock ETF,0.4,88647750,,36757,2025-03-05
AMGR,AGF American Growth Fund,Equity,0.9,1204000,,1063,2026-01-08
AMHE,Harvest Amazon Enhanced High Income Shares ETF,Single Stock ETF,0.4,105975500.00000001,,61730,2024-08-21
AMHE.U,Harvest Amazon Enhanced High Income Shares ETF,Single Stock ETF,0.4,2042250,,6204,2024-08-21
AMZH,Harvest Amazon High Income Shares ETF,Single Stock ETF,0.4,25075000,,34736,2024-08-21
AMZH.U,Harvest Amazon High Income Shares ETF,Single Stock ETF,0.4,3573000,,4556,2024-08-21
AMZU,SavvyLong (2X) AMZN ETF,Single Stock ETF,1.55,8616500,,47597,2025-06-05
APLE,Harvest Apple Enhanced High Income Shares ETF,Single Stock ETF,0.4,91760750,,30682,2025-06-16
ARB,Accelerate Arbitrage Fund,Alternative,1.4,49522500,,12197,2020-04-06
ARTI,Evolve Artificial Intelligence Fund,Equity,0,20304000,,9130,2024-03-22
ASML,ASML CDR (CAD Hedged),-,-,93002000,,53484,-
ATSX,Accelerate Canadian Long Short Equity Fund,Alternative,1.03,6130500,,1187,2019-05-03
AUGB.F,First Trust Vest U.S. Equity Buffer ETF - August,Equity,0.85,23269500,,1459,2019-08-30
AVGY,Harvest Broadcom Enhanced High Income Shares ETF,Single Stock ETF,0.4,110227000,,39074,2025-03-05
BAAA,Brompton Wellington Square AAA CLO ETF,Fixed Income,0.4,104623650,,37048,2025-04-22
BAAA.U,Brompton Wellington Square AAA CLO ETF,Fixed Income,0.4,17310400,,6381,2025-04-22
BANK,Evolve Canadian Banks and Lifecos Enhanced Yield Index Fund,Equity,0.6,870378750,,1225980,2022-02-02
BASE,Evolve Global Materials & Mining Enhanced Yield Index ETF,Equity,0.6,72716000,,25466,2019-06-12
BASE.B,Evolve Global Materials & Mining Enhanced Yield Index ETF,Equity,0.6,18183000,,1987,2019-06-12
BBBB,Brompton Wellington Square Investment Grade CLO ETF,Fixed Income,0.6,32397768.525,,8225,2025-10-03
BBBB.U,Brompton Wellington Square Investment Grade CLO ETF,Fixed Income,0.6,3088278.9000000004,,1186,2025-10-03
BCEE,Harvest BCE Enhanced High Income Shares ETF,Single Stock ETF,0.4,9878750,,9698,2025-08-21
BCHI,Ninepoint BCE HighShares ETF,Single Stock ETF,0,12864000,,5616,2025-08-22
BDIV,Brompton Global Dividend Growth ETF,Equity,0.75,122525115.79,,2635,2018-10-17
BENZ,Mercedes-Benz CDR (CAD Hedged),-,-,1244000,,449,-
BEPR,Brompton Flaherty & Crumrine Enhanced Investment Grade Preferred ETF,Preferred Share,1.93,68165967.6,,16161,2004-12-15
BEPR.U,Brompton Flaherty & Crumrine Enhanced Investment Grade Preferred ETF,Preferred Share,0.75,4137000,,1212,2022-02-04
BESG,Invesco ESG Canadian Core Plus Bond ETF,Fixed Income,0.35,110783000,,10462,2013-08-12
BFIN,Brompton North American Financials Dividend ETF,Equity,0.75,77906250,,1433,2018-10-17
BFIN.U,Brompton North American Financials Dividend ETF,Equity,0.75,873000,,158,2018-10-17
BGC,Bristol Gate Concentrated Canadian Equity ETF,Equity,0.85,13440000,,371,2018-02-15
BGIE,Brompton Global Infrastructure ETF,Equity,0.75,67082900,,13400,2020-04-30
BGU,Bristol Gate Concentrated US Equity ETF,Equity,0.85,92800500,,9107,2018-02-15
BGU.U,Bristol Gate Concentrated US Equity ETF,Equity,0.85,23458500.000000004,,917,2018-02-15
BIGY,Evolve US Equity UltraYield ETF,Equity,0.4,216240800,,204190,2025-09-09
BITI,BetaPro Inverse Bitcoin ETF,Leverage/Inverse,1.45,33266396.66,,280084,2021-04-14
BITI.U,BetaPro Inverse Bitcoin ETF,Leverage/Inverse,1.45,23676340.48,,30114,2021-04-15
BIVC,Capstone Biblically Informed Canadian Equity Fund,Equity,0.8,1122000,,178,2025-10-30
BIVU,Capstone Biblically Informed U.S. Equity Fund,Equity,0.8,1000000,,34,2025-10-30
BKCC,Global X Equal Weight Canadian Bank Covered Call ETF,Equity,0.65,315997060.90000004,,66887,2011-05-16
BKCL,Global X Enhanced Equal Weight Canadian Banks Covered Call ETF,Equity,0.65,163626687.35999998,,116980,2023-07-05
BLCK,First Trust Indxx Innovative Transaction and Process ETF,Equity,0.8,1786500.0000000002,,75,2018-03-23
BLKY,Harvest Block Enhanced High Income Shares ETF,Single Stock ETF,0.4,1968000,,13905,2026-01-15
BLOV,Brompton North American Low Volatility Dividend ETF,Equity,0.55,20506200,,1390,2020-04-30
BMAX,Brompton Enhanced Multi-Asset Income ETF,Equity,0,138760800,,68090,2022-10-20
BMW,BMW CDR (CAD Hedged),-,-,1216500,,256,-
BNC,Purpose Canadian Financial Income Fund,Equity,0.67,4228750,,665,2016-10-26
BND,Purpose Global Bond Fund,Fixed Income,0.43,1415028000.0000002,,254584,2015-10-28
BND.U,Purpose Global Bond Fund,Fixed Income,0.35,6516250,,1415,2025-09-03
BNKL,Global X Enhanced Equal Weight Banks Index ETF,Equity,0.35,9756833.940000001,,12021,2023-07-05
BNKU,MegaLong (3X) Canadian Banks Daily Leveraged Alternative ETF,Leverage/Inverse,1.55,13509000,,3349,2025-05-28
BOND,Evolve Enhanced Yield Bond Fund,Fixed Income,0.45,150165000.00000003,,86680,2023-10-03
BOND.B,Evolve Enhanced Yield Bond Fund,Fixed Income,0.45,70981500,,37923,2024-02-15
BOND.U,Evolve Enhanced Yield Bond Fund,Fixed Income,0.45,22631250,,8128,2024-02-15
BPRF,Brompton Flaherty & Crumrine Investment Grade Preferred ETF,Preferred Share,0.75,168297600,,6511,2018-10-15
BPRF.U,Brompton Flaherty & Crumrine Investment Grade Preferred ETF,Preferred Share,0.75,3492000,,60,2019-08-08
BSKT,Manulife Smart Core Bond ETF,Fixed Income,0.24,739591000.0000001,,442213,2020-11-25
BTCC,Purpose Bitcoin ETF,Cryptocurrency,1,628063875,,1297773,2021-02-25
BTCC.B,Purpose Bitcoin ETF,Cryptocurrency,1,870330000,,1343882,2021-02-18
BTCC.J,Purpose Bitcoin ETF,Cryptocurrency,1,1470000,,616,2021-11-09
BTCC.U,Purpose Bitcoin ETF,Cryptocurrency,1,270000000,,47401,2021-02-17
BTCO.B,Purpose Core Bitcoin ETF,Cryptocurrency,0.29,29624500,,12166,2025-05-14
BTCO.U,Purpose Core Bitcoin ETF,Cryptocurrency,0.29,1492875,,645,2025-05-14
BTCQ,3iQ Bitcoin ETF,Cryptocurrency,1,225502044.54,,34877,2021-04-19
BTCQ.U,3iQ Bitcoin ETF,Cryptocurrency,1,162854241.35999998,,3100,2021-04-19
BTCX,CI Galaxy Bitcoin ETF,Cryptocurrency,0.4,10692000,,60262,2025-08-22
BTCX.B,CI Galaxy Bitcoin ETF,Cryptocurrency,0.4,778998030,,859910,2021-03-05
BTCX.U,CI Galaxy Bitcoin ETF,Cryptocurrency,0.4,212612869.44000003,,38136,2021-03-05
BTCY,Purpose Bitcoin Yield ETF,Cryptocurrency,1.1,82492000,,264890,2021-11-19
BTCY.B,Purpose Bitcoin Yield ETF,Cryptocurrency,1.1,21093250,,24545,2021-11-19
BTCY.U,Purpose Bitcoin Yield ETF,Cryptocurrency,1.1,4000000,,6491,2021-11-19
BXF,CI 1-5 Year Laddered Government Strip Bond Index ETF,Fixed Income,0.2,38764877.13,,6405,2013-06-05
CACB,CIBC Active Investment Grade Corporate Bond ETF,Fixed Income,0.25,2208900000,,198261,2019-01-16
CACE,Avantis CIBC Canadian Equity ETF,Equity,0.19,6075020.25,,5398,2026-02-20
CAGG,CI Canadian Aggregate Bond Index ETF,Fixed Income,0.07,729055916.89,,161217,2017-06-22
CAGS,CI Canadian Short-Term Aggregate Bond Index ETF,Fixed Income,0.07,19020000,,1998,2017-06-22
CALB,CIBC Canadian Government Long-Term Bond ETF,Fixed Income,0.2,2857500,,2483,2025-05-14
CALL,Evolve US Banks Enhanced Yield Fund,Equity,0.45,110017250,,53216,2017-10-16
CALL.B,Evolve US Banks Enhanced Yield Fund,Equity,0.45,9763500,,4067,2017-10-16
CALL.U,Evolve US Banks Enhanced Yield Fund,Equity,0.45,10423000,,6094,2019-11-27
CALV,Avantis CIBC U.S. Large Cap Value ETF,Equity,0.25,1164619.41,,2034,2026-02-20
CANL,Global X Enhanced S&P/TSX 60 Index ETF,Equity,0.35,5972194.199999999,,8745,2023-07-05
CANY,Evolve Canadian Equity UltraYield ETF,Equity,0.4,72105600,,62095,2025-09-17
CAPG,Capital Group Global Equity Select ETFTM (Canada),Equity,0.7,211537600,,81398,2024-10-22
CAPI,Capital Group International Equity Select ETFTM (Canada),Equity,0.7,139242000,,51994,2024-10-22
CAPM,Capital Group Multi-Sector Income Select ETFTM (Canada),Fixed Income,0.42,266544000,,186472,2024-10-22
CAPW,Capital Group World Bond Select ETFTM (Canada),Fixed Income,0.45,67357800,,4502,2024-10-22
CARS,Evolve Automobile Innovation Index Fund,Equity,0.4,15111000,,2394,2017-09-29
CARS.B,Evolve Automobile Innovation Index Fund,Equity,0.4,1594500,,1271,2017-09-27
CARS.U,Evolve Automobile Innovation Index Fund,Equity,0.4,663000,,1424,2017-11-03
CASH,Global X High Interest Savings ETF,Cash/Currency,0.45,6788600222.085,,1767487,2021-11-02
CAUS,Avantis CIBC U.S. All-Cap Equity ETF,Equity,0.19,2410019.2800000003,,4796,2026-02-20
CAUV,Avantis CIBC U.S. Small Cap Value ETF,Equity,0.35,2979218.62,,4145,2026-02-20
CBAL,CI Balanced Asset Allocation ETF,Asset Allocation,0.22,114664000,,26004,2023-05-23
CBAP,CI Balanced+ Asset Allocation ETF Fund,Asset Allocation,0,1975000,,1506,2026-01-27
CBCX,CI Galaxy Blockchain Index ETF,Equity,0.5,5445000,,941,2022-04-28
CBGR,CI Balanced Growth Asset Allocation ETF,Asset Allocation,0.22,33950000,,8054,2023-05-23
CBH,iShares 1-10 Year Laddered Corporate Bond Index ETF,Fixed Income,0.25,535208000,,378128,2011-10-20
CBIL,Global X 0-3 Month T-Bill ETF,Cash/Currency,0.1,2025331312.88,,886224,2023-04-12
CBIL.U,Global X 0-3 Month T-Bill ETF,Fixed Income,0.1,1486039513.4399998,,5672,2025-02-25
CBIN,CI Balanced Income Asset Allocation ETF,Asset Allocation,0.22,26565000,,3457,2023-05-23
CBL,Franklin Core ETF Portfolio,Asset Allocation,0.13,2363000,,437,2024-06-05
CBLN,CIBC Balanced ETF Portfolio,Asset Allocation,0.15,1209600,,468,2025-11-06
CBND,Manulife Smart Corporate Bond ETF,Fixed Income,0.27,229458000,,236243,2020-11-25
CBNK,Mulvihill Canadian Bank Enhanced Yield ETF,Equity,0.65,135973000,,24591,2022-02-24
CBO,iShares 1-5 Year Laddered Corporate Bond Index ETF,Fixed Income,0.28,813722000,,172490,2009-02-25
CBUG,CI Digital Security Index ETF,Equity,0.4,4447500,,4481,2022-02-24
CCAD,CIBC Premium Cash Management ETF,Fixed Income,0.12,285342000,,62550,2025-05-14
CCBD,CI U.S. Aggregate Bond Covered Call ETF,Fixed Income,0.35,1810000.0000000002,,1015,2024-08-01
CCBI,CIBC Canadian Bond Index ETF,Fixed Income,0.06,127137749.99999999,,19724,2021-03-31
CCCB,CIBC Canadian Banks Covered Call ETF,Equity,0.35,6110000,,22173,2025-08-25
CCCX,CI Galaxy Core Multi-Crypto ETF,Cryptocurrency,0.5,509999.99999999994,,348,2025-08-22
CCCX.B,CI Galaxy Core Multi-Crypto ETF,Cryptocurrency,0.5,9478500,,7118,2025-08-22
CCCX.U,CI Galaxy Core Multi-Crypto ETF,Cryptocurrency,0.5,741000,,0,2025-08-22
CCDC,CIBC Canadian High Dividend Covered Call ETF,Equity,0.5,12380500,,6427,2025-08-25
CCEI,CIBC MSCI Canada Equity Index ETF,Equity,0.04,626562700,,19028,2021-03-31
CCHI,Ninepoint Cameco HighShares ETF,Single Stock ETF,0,28521500,,24049,2025-08-22
CCNS,CIBC Conservative Fixed Income Pool,Fixed Income,0.3,7272000,,2303,2020-10-29
CCNV,CI Conservative Asset Allocation ETF,Asset Allocation,0.22,10075500,,3877,2023-05-23
CCOE,Harvest Cameco Enhanced High Income Shares ETF,Single Stock ETF,0.4,18427500,,37429,2025-08-21
CCOM,CI Auspice Broad Commodity Fund,Commodity,0.52,287250320,,118004,2022-09-27
CCOM.B,CI Auspice Broad Commodity ETF - Unhedged Common Units Acc,Commodity,0.52,-,,-,2022-09-27
CCON,CIBC Conservative ETF Portfolio,Asset Allocation,0.15,1209000,,617,2025-11-06
CCOU,SavvyLong (2X) Cameco ETF,Single Stock ETF,1.25,3825000,,12456,2025-10-20
CCRE,CIBC Core Fixed Income Pool,Fixed Income,0.3,97981920.00000001,,16862,2020-10-29
CDEF,Manulife Smart Defensive Equity ETF,Equity,0.25,3512500,,322,2021-11-10
CDIV,Manulife Smart Dividend ETF,Equity,0.25,1169366500,,399758,2020-11-25
CDLB,CI DoubleLine Total Return Bond US$ Fund,Fixed Income,0.6,1088864.28,,478,2020-05-08
CDLB.B,CI DoubleLine Total Return Bond US$ Fund,Fixed Income,0.6,1748242.59,,254,2020-05-08
CDLB.U,CI DoubleLine Total Return Bond US$ Fund,Fixed Income,0.6,744780.0599999999,,56,2020-05-08
CDZ,iShares S&P/TSX Canadian Dividend Aristocrats Index ETF,Equity,0.6,1118276000,,72188,2006-09-08
CEMI,CIBC MSCI Emerging Markets Equity Index ETF,Equity,0.22,184578380,,21552,2021-09-16
CEQP,CI Equity+ Asset Allocation ETF Fund,Asset Allocation,-,1960000.0000000002,,836,2026-01-27
CEQT,CI Equity Asset Allocation ETF,Asset Allocation,0.22,37224000,,10645,2023-05-23
CEQY,CIBC All-Equity ETF Portfolio,Asset Allocation,0.15,2358400,,1733,2025-08-25
CEW,iShares Equal Weight Banc & Lifeco ETF,Equity,0.55,317580000,,41910,2008-02-06
CFLX,CIBC Flexible Yield ETF (CAD-Hedged),Fixed Income,0.7,43356599.99999999,,14170,2020-01-27
CFOD,BetaPro S&P/TSX Capped Financials -2x Daily Bear ETF,Leverage/Inverse,1.15,8475477.5,,31695,2007-06-11
CFOU,BetaPro S&P/TSX Capped Financials 2x Daily Bull ETF,Leverage/Inverse,1.15,56925244.6,,17305,2007-06-11
CFRN,CIBC Active Investment Grade Floating Rate Bond ETF,-,0.18,579824000,,39591,2019-01-22
CFRT,CI Floating Rate Income Fund,Fixed Income,0.35,4134000.0000000005,,511,2022-04-13
CGAA,CI Global Asset Allocation Private Pool,Asset Allocation,0.6,21064736.08,,1415,2020-07-17
CGBI,CIBC Global Bond ex-Canada Index ETF (CAD-Hedged),Fixed Income,0.19,694936925,,83725,2021-09-16
CGDI,CI Global Dividend Private Pool,Equity,0.7,1011000,,31,2025-08-12
CGDV,CI Global Minimum Downside Volatility Index Fund,Equity,0.35,31657921.380000003,,6154,2023-01-24
CGDV.B,CI Global Minimum Downside Volatility Index Fund,Equity,0.35,218809828.61999997,,203392,2023-01-24
CGHY,CI High Yield Bond Private Pool,Fixed Income,0.55,14428799.38,,10572,2022-04-08
CGHY.U,CI High Yield Bond Private Pool,Fixed Income,0.55,1774753.2000000002,,1348,2022-04-08
CGIN,CI Global Investment Grade ETF,Fixed Income,0.5,348643900,,143394,2022-10-27
CGIN.U,CI Global Investment Grade ETF,Fixed Income,0.5,4401150,,2111,2022-10-27
CGL,iShares Gold Bullion ETF,Commodity,0.5,2838705000,,1083971,2009-05-28
CGL.C,iShares Gold Bullion ETF,Commodity,0.5,912240000,,161843,2011-03-31
CGLO,CIBC Global Growth ETF,Equity,0.8,90564400,,18166,2020-07-27
CGMD,MegaShort (-3X) Canadian Gold Miners Daily Leveraged Alternative ETF,Leverage/Inverse,1.55,4866750,,23767,2025-05-28
CGMU,MegaLong (3X) Canadian Gold Miners Daily Leveraged Alternative ETF,Leverage/Inverse,1.55,26809999.999999996,,124644,2025-05-28
CGQD.B,CI Global Quality Dividend Growth Index ETF,Equity,0.45,43142000,,8493,2024-09-06
CGR,iShares Global Real Estate Index ETF,Equity,0.72,262363000,,27201,2008-08-26
CGRA,CI Global Real Asset Private Pool,Equity,0.7,1829250,,924,2020-05-21
CGRB,CI Global Green Bond Fund,Fixed Income,0.5,14444999.999999998,,903,2022-07-29
CGRB.U,CI Global Green Bond Fund,Fixed Income,0.5,1122500,,119,2022-07-29
CGRE,CI Global REIT Private Pool,Equity,0.7,39937500,,4134,2020-05-21
CGRN,CI Global Sustainable Infrastructure Fund,Equity,0.7,2001000,,210,2022-07-29
CGRN.U,CI Global Sustainable Infrastructure Fund,Equity,0.7,1413000,,62,2022-07-29
CGRO,CI Growth Asset Allocation ETF,Asset Allocation,0.22,70119000,,12762,2023-05-23
CGRW,CIBC Balanced Growth ETF Portfolio,Asset Allocation,0.15,1212000,,926,2025-11-06
CGXF,CI Gold+ Giants Covered Call ETF,Equity,0.65,213102813.16000003,,91805,2011-06-01
CGXF.U,CI Gold+ Giants Covered Call ETF,Equity,0.65,8154000,,5622,2022-03-03
CHCL.B,CI Global Healthcare Leaders Index ETF,Equity,-,-,,16757,-
CHNA.B,CI ICBCUBS S&P China 500 Index ETF,Equity,0.55,100415000,,8294,2018-08-01
CHPS,Global X Artificial Intelligence Semiconductor Index ETF,Equity,0.45,186964470,,82369,2021-06-22
CHPS.U,Global X Artificial Intelligence Semiconductor Index ETF,Equity,0.45,141532650,,1142,2021-06-22
CHQQ,Global X China Hang Seng TECH Index ETF,Equity,0.55,12300750,,13851,2025-10-07
CIAI,CI Global Artificial Intelligence Fund,Equity,0.55,1010937500,,340971,2024-05-02
CIBR,First Trust Nasdaq Cybersecurity ETF,Equity,0.76,105284400,,18482,2014-10-30
CIC,CI Canadian Banks Covered Call Income Class ETF,Equity,0.65,386029279.57,,52591,2010-08-18
CIEH,CIBC MSCI EAFE Equity Index ETF (CAD Hedged),Equity,0.16,5959250.000000001,,10924,2023-02-27
CIEI,CIBC MSCI EAFE Equity Index ETF,Equity,0.16,462721500,,56554,2021-03-31
CIEM,CI Emerging Markets Alpha ETF,Equity,0.85,157841250,,53916,2021-08-26
CIEM.U,CI Emerging Markets Alpha ETF,Equity,0.85,2024249.9999999998,,5378,2021-08-26
CIF,iShares Global Infrastructure Index ETF,Equity,0.73,1167610500,,130683,2008-08-27
CINF,CI Global Infrastructure Private Pool,Equity,0.7,432060485.46000004,,22647,2020-05-21
CINT,CIBC International Equity ETF,Equity,0.8,56763550,,18010,2020-07-27
CINV,CI Global Alpha Innovation ETF,Equity,0.8,9438000,,1340,2021-08-12
CINV.U,CI Global Alpha Innovation ETF,Equity,0.8,815250,,40,2021-08-12
CLDN,SavvyShort Geared Crude Oil ETF,Leverage/Inverse,-,-,,-,-
CLF,iShares 1-5 Year Laddered Government Bond Index ETF,Fixed Income,0.17,673152000,,163388,2008-01-31
CLG,iShares 1-10 Year Laddered Government Bond Index ETF,Fixed Income,0.17,866882250,,268974,2011-10-20
CLML,CI Global Climate Leaders Fund,Equity,0.7,58000000,,3584,2021-07-08
CLML.U,CI Global Climate Leaders Fund,Equity,0.7,3606750.0000000005,,364,2021-07-08
CLSA,Brompton Split Corp. Enhanced Equity Income ETF,Equity,0.6,35351000,,51522,2025-03-20
CLUP,SavvyLong Geared Crude Oil ETF,Leverage/Inverse,-,-,,-,-
CMAG,CI Munro Alternative Global Growth Fund,Alternative,0.9,140973000,,8554,2020-01-23
CMAG.U,CI Munro Alternative Global Growth Fund,Alternative,1.57,7555200,,1862,2021-01-18
CMAR,CI Marret Alternative Absolute Return Bond Fund,Alternative,0.8,17774250,,17972,2020-01-23
CMAR.U,CI Marret Alternative Absolute Return Bond Fund,Alternative,0.8,1420500,,166,2020-01-23
CMCX,CI Galaxy Multi-Crypto Navigator ETF,Cryptocurrency,0.5,697000,,147,2025-08-22
CMCX.B,CI Galaxy Multi-Crypto Navigator ETF,Cryptocurrency,0.5,4441600,,1104,2022-02-01
CMCX.U,CI Galaxy Multi-Crypto Navigator ETF,Cryptocurrency,0.5,821400,,222,2022-02-01
CMDO,CI Alternative Diversified Opportunities Fund,Alternative,0.8,129329200,,12882,2021-08-12
CMDO.U,CI Alternative Diversified Opportunities Fund,Alternative,0.8,38539200,,2595,2021-08-12
CMEY,CI Marret Alternative Enhanced Yield Fund,Alternative,0.8,5174000,,1864,2020-05-14
CMEY.U,CI Marret Alternative Enhanced Yield Fund,Alternative,0.8,1014500,,0,2020-05-14
CMGG,CI Munro Global Growth Equity Fund,Equity,0.9,304133250,,57750,2021-01-07
CMGG.U,CI Munro Global Growth Equity Fund,Equity,0.9,8158000,,1967,2021-01-07
CMNY,CI Money Market ETF,Cash/Currency,0.14,75075000,,13076,2023-07-25
CMOM,CI U.S. Enhanced Momentum Index ETF,Equity,0.3,15133552.56,,420,2024-01-16
CMOM.B,CI U.S. Enhanced Momentum Index ETF,Equity,0.3,9515936.56,,596,2024-01-16
CMR,iShares Premium Money Market ETF,Cash/Currency,0.24,2567821500,,915425,2008-02-19
CMVP,HAMILTON CHAMPIONS TM Canadian Dividend Index ETF,Equity,0.19,364473965.7,,76554,2025-01-24
CNAO,CI Alternative North American Opportunities Fund,Alternative,0.9,44751500,,579,2021-07-08
CNAO.U,CI Alternative North American Opportunities Fund,Alternative,0.9,3937500,,43,2021-07-08
CNCC,Global X S&P/TSX  60 Covered Call ETF,Equity,0.39,154395776.01000002,,107159,2011-03-16
CNCL,Global X Enhanced S&P/TSX 60 Covered Call ETF,Equity,0.65,16740518.299999999,,10171,2023-07-05
CNDD,BetaPro S&P/TSX 60 -2x Daily Bear ETF,Leverage/Inverse,1.15,23027789.4,,373886,2007-01-08
CNDI,BetaPro S&P/TSX 60 Daily Inverse ETF,Leverage/Inverse,1.15,21272625,,31542,2009-03-04
CNDU,BetaPro S&P/TSX 60 2x Daily Bull ETF,Leverage/Inverse,1.15,78866304.46,,99766,2007-01-08
CNDX,Global X S&P/TSX 60 Index ETF,Equity,0.09,486336429.11999995,,431818,2024-05-15
CNQE,Harvest CNQ Enhanced High Income Shares ETF,Single Stock ETF,0.4,7484000,,10994,2025-08-21
CNQU,SavvyLong (2X) Cdn Natural Resources ETF,Leverage/Inverse,1.25,3564750,,8912,2025-10-20
CNV,Franklin Conservative Income ETF Portfolio,Asset Allocation,0.13,27137500,,1631,2024-06-05
CNYE,Harvest Coinbase Enhanced High Income Shares ETF,Single Stock ETF,0.4,76200500,,266410,2025-03-05
COID,SavvyShort (-2X) COIN ETF,Single Stock ETF,1.55,745037.25,,369,2026-02-03
COIN,Coinbase CDR (CAD Hedged),-,-,34957500,,366398,-
COIU,LFG Daily (2X) COIN Long ETF,Single Stock ETF,1.55,1180500,,17174,2025-06-30
COMM,BMO Global Communications Index ETF,Equity,0.35,34126000,,23811,2018-05-01
COMU,SavvyLong 2X CIBC (CM) Equity-Linked ETF,Single Stock ETF,1.25,3458750,,407,2025-10-20
CONY,Harvest Coinbase High Income Shares ETF,Single Stock ETF,0.4,11505000,,34464,2025-01-16
COPP,Global X Copper Producers Index ETF,Equity,0.65,158433900,,117369,2022-05-17
CORE,PIMCO Canadian Core Bond Fund,Fixed Income,0.29,155771000,,64590,2011-01-20
COSY,Harvest Costco Enhanced High Income Shares ETF,Single Stock ETF,0.4,93120000,,23344,2025-03-05
COW,iShares Global Agriculture Index ETF,Equity,0.72,266569500,,12893,2007-12-19
CPCC,Global X Copper Producer Equity Covered Call ETF,Equity,0.65,61314418.11,,58572,2025-12-01
CPD,iShares S&P/TSX Canadian Preferred Share Index ETF,Preferred Share,0.5,1059682000,,190674,2007-04-10
CPLS,CIBC Core Plus Fixed Income Pool,Fixed Income,0.3,22937249.999999996,,47657,2020-10-29
CQHI,Ninepoint Canadian Natural Resources HighShares ETF,Single Stock ETF,-,17195500,,4428,2025-08-22
CRCY,Harvest Circle Enhanced High Income Shares ETF,Single Stock ETF,0.4,69971250,,153488,2025-10-01
CRED,CI Alternative Investment Grade Credit Fund,Alternative,0.47,361860050,,119691,2020-01-23
CRED.U,CI Alternative Investment Grade Credit Fund,Alternative,0.8,1043500,,0,2020-01-23
CRHI,Ninepoint CNR HighShares ETF,Single Stock ETF,0,21755700,,13653,2025-08-22
CROC,Purpose Credit Opportunities Class,Fixed Income,1,7470000.000000001,,12528,2026-02-11
CROP,Purpose Credit Opportunities Fund,Alternative,0.85,279725600,,59676,2021-08-26
CROP.U,Purpose Credit Opportunities Fund,Alternative,0.85,12420000,,4164,2022-08-26
CRWY,Harvest CrowdStrike Enhanced High Income Shares ETF,Single Stock ETF,0.4,40203750,,22334,2026-01-15
CSAV,CI High Interest Savings ETF,Fixed Income,0.14,4932427500,,463002,2019-06-14
CSBI,CIBC Canadian Short-Term Bond Index ETF,Fixed Income,0.07,372420000,,17753,2023-01-23
CSMD,CI U.S. Small/Mid Cap Equity Private Pool,Equity,0.65,1000000,,0,2025-08-12
CSUU,SavvyLong (2X) Constellation Software ETF,Single Stock ETF,1.25,1973250,,24217,2025-10-20
CTMA,CI Target 2028 Investment Grade Bond Fund,Fixed Income,0.15,1002000,,133,2025-09-26
CTMB,CI Target 2029 Investment Grade Bond Fund,Fixed Income,0.15,1000000,,,2025-09-26
CTMC,CI Target 2030 Investment Grade Bond Fund,Fixed Income,0.15,1000000,,783,2025-09-26
CUBD,CI Global Unconstrained Bond Fund,Equity,0.55,117255600,,28825,2024-07-12
CUD,iShares US Dividend Growers Index ETF (CAD-Hedged),Equity,0.66,247078000,,7443,2011-09-13
CUDC,CIBC U.S. High Dividend Covered Call ETF,Equity,0.5,7994249.999999999,,6396,2025-08-25
CUDC.F,CIBC U.S. High Dividend Covered Call ETF,Equity,0.5,2408750,,2350,2025-08-25
CUDV,CI U.S. Minimum Downside Volatility Index ETF,Equity,0.3,6870000,,902,2023-01-24
CUDV.B,CI U.S. Minimum Downside Volatility Index ETF,Equity,0.3,1449000,,6,2023-01-24
CUEH,CIBC MSCI USA Equity Index ETF (CAD Hedged),Equity,0.05,6182500,,3975,2023-01-12
CUEI,CIBC MSCI USA Equity Index ETF,Equity,0.05,1245263300,,159162,2021-03-31
CUIG,CI U.S. Monthly Income Private Pool,Equity,0.6,976000,,3,2025-08-12
CUIG.U,CI U.S. Monthly Income Private Pool,Equity,0.6,1985000.0000000002,,6,2025-08-12
CUSD.U,CIBC USD Premium Cash Management ETF,Fixed Income,0.12,40096000,,9371,2025-05-14
CUTL,CI Utilities Giants Covered Call ETF,Equity,0.65,33944500,,8006,2023-02-21
CUTL.B,CI Utilities Giants Covered Call ETF,Equity,0.65,1236500,,447,2023-02-21
CVD,iShares Convertible Bond Index ETF,Fixed Income,0.49,118208000,,17758,2011-06-14
CVLU,CI U.S. Enhanced Value Index Fund,Equity,0.3,7023767.24,,1197,2024-01-11
CVLU.B,CI U.S. Enhanced Value Index Fund,Equity,0.3,47327373.39,,2653,2024-01-16
CWIN,HAMILTON CHAMPIONS TM Enhanced Canadian Dividend ETF,Equity,0.65,17105687.7,,9688,2025-01-27
CWW,iShares Global Water Index ETF,Equity,0.66,293943750,,7401,2007-06-04
CXF,CI Canadian Convertible Bond ETF,Fixed Income,0.65,61150686.800000004,,15963,2011-06-01
CYBR,Evolve Cyber Security Index Fund,Equity,0.4,144348750,,11861,2017-09-20
CYBR.B,Evolve Cyber Security Index Fund,Equity,0.4,14730000,,548,2017-09-20
CYBR.U,Evolve Cyber Security Index Fund,Equity,0.4,4263750,,191,2019-05-16
CYH,iShares Global Monthly Dividend Index ETF (CAD-Hedged),Equity,0.65,185971500,,9377,2008-01-15
DAMG,Desjardins Absolute Return Global Equity Markets ETF,Alternative,1,43605000,,13,2022-10-14
DAMG.U,Desjardins Absolute Return Global Equity Markets ETF,Alternative,1,2107000,,0,2022-09-20
DANC,Desjardins Market Neutral ETF,Alternative,1,217062000,,6789,2019-01-24
DANC.U,Desjardins Market Neutral ETF,Alternative,1,540000,,13,2022-10-14
DATA,Evolve Cloud Computing Index Fund,Equity,0.6,11659500,,2653,2021-01-11
DATA.B,Evolve Cloud Computing Index Fund,Equity,0.6,1446500,,691,2021-01-11
DCBC,Desjardins Canadian Corporate Bond Index ETF,Fixed Income,0.15,844506000,,140644,2024-04-18
DCC,Desjardins 1-5 year Laddered Canadian Corporate Bond Index ETF,Fixed Income,0.25,10017000,,630,2017-04-03
DCG,Desjardins 1-5 year Laddered Canadian Government Bond Index ETF,Fixed Income,0.15,128251000,,52586,2017-04-03
DCP,Desjardins Canadian Preferred Share Index ETF,Preferred Share,0.4,41212500,,1215,2017-04-03
DCS,Desjardins Canadian Short Term Bond Index ETF,Fixed Income,0.09,45720000,,8193,2017-04-03
DCU,Desjardins Canadian Universe Bond Index ETF,Fixed Income,0.47,1949438000.0000002,,564707,2017-04-03
DGLM,Desjardins Global Macro ETF,Alternative,0.9,89650000,,153,2025-08-28
DGR,CI U.S. Quality Dividend Growth Index ETF,Equity,0.35,208490289.60000002,,22641,2016-07-12
DGR.B,CI U.S. Quality Dividend Growth Index ETF,Equity,0.35,444783875.69,,32461,2016-07-12
DGR.U,CI U.S. Quality Dividend Growth Index ETF,Equity,0.35,8494500,,861,2024-06-07
DGRC,CI Canada Quality Dividend Growth Index ETF,Equity,0.21,837500697.36,,66504,2017-09-19
DISC,BMO Global Consumer Discretionary Hedged to CAD Index ETF,Equity,0.35,29832000,,3616,2017-04-02
DIVS,Evolve Active Canadian Preferred Share Fund,Preferred Share,0.65,29599416.000000004,,2176,2017-09-29
DLR,Global X US Dollar Currency ETF,Cash/Currency,0.45,282531855.48,,3988446,2011-04-06
DLR.U,Global X US Dollar Currency ETF,Cash/Currency,0.45,207217167.78,,3286741,2011-04-06
DMEC,Desjardins Canadian Equity Index ETF,Equity,0.05,1608641500,,339074,2024-04-18
DMEE,Desjardins Emerging Markets Equity Index ETF,Equity,0.25,672300000,,152973,2025-02-27
DMEI,Desjardins International Equity Index ETF,Equity,0.2,1707624000,,309783,2024-04-18
DMEU,Desjardins American Equity Index ETF,Equity,0.05,2896945000,,587437,2024-04-18
DMID,Desjardins American Mid Cap Equity Index ETF,Equity,0.1,292181500,,328288,2025-08-28
DMQC,Desjardins Quebec Equity ETF,Equity,0.3,37532250,,12468,2025-06-20
DRCU,Desjardins RI Active Canadian Bond - Net-Zero Emissions Pathway ETF,Fixed Income,0.35,44712000,,34130,2018-09-27
DRFC,Desjardins RI Canada Multifactor - Net-Zero Emissions Pathway ETF,Equity,0.5,296736250,,49585,2018-09-27
DRFD,DesjardinsRIDeveloped ex-USAex-Canada Multifactor-Net-ZeroEmissionsPathwayETF,Equity,0.6,287904000,,16010,2018-09-27
DRFE,Desjardins RI Emerging Markets Multifactor - Net-Zero Emissions Pathway ETF,Equity,0.65,274080000,,35065,2019-03-07
DRFG,Desjardins RI Global Multifactor - Fossil Fuel Reserves Free ETF,Equity,0.6,22428000,,1536,2019-03-07
DRFU,Desjardins RI USA Multifactor - Net-Zero Emissions Pathway ETF,Equity,0.5,204124250,,637,2018-09-27
DRMC,Desjardins RI Canada - Net-Zero Emissions Pathway ETF,Equity,0.15,94673750,,9482,2018-09-27
DRMD,Desjardins RI Developed ex-USA ex-Canada - Net-Zero Emissions Pathway ETF,Equity,0.25,45569999.99999999,,3724,2020-05-01
DRME,Desjardins RI Emerging Markets - Net-Zero Emissions Pathway ETF,Equity,0.35,68527000,,3556,2021-03-12
DRMU,Desjardins RI USA - Net-Zero Emissions Pathway ETF,Equity,0.2,281706250,,3900,2018-09-27
DXAU,Dynamic Active Global Gold ETF,Equity,0.65,93480500,,15104,2024-07-02
DXB,Dynamic Active Tactical Bond ETF,Fixed Income,0.55,164445750,,16082,2017-09-22
DXBB,Dynamic Active Bond ETF,Fixed Income,0.3,174216250,,50900,2024-10-21
DXBC,Dynamic Active Canadian Bond ETF,Fixed Income,0.4,91344500,,6882,2023-10-24
DXBG,Dynamic Global Fixed Income Fund,Fixed Income,0.6,995500,,138616,2024-11-15
DXBU,Dynamic Active U.S. Investment Grade Corporate Bond ETF,Fixed Income,0.45,52944500,,11255,2023-10-24
DXC,Dynamic Active Canadian Dividend ETF,Equity,0.45,360637500,,34943,2017-01-20
DXCB,Dynamic Active Corporate Bond ETF,Fixed Income,0.35,56693250,,4617,2024-10-21
DXCO,Dynamic Credit Opportunities Fund,Alternative,0.8,12174000,,7114,2024-11-15
DXCP,Dynamic Short Term Credit PLUS Fund,Alternative,0.55,198172975,,99546,2024-11-15
DXDB,Dynamic Active Discount Bond ETF,Fixed Income,0.35,768801250,,134600,2022-10-27
DXDU.U,Dynamic Active U.S. Discount Bond ETF,Fixed Income,0.35,50399000,,11960,2025-08-11
DXEM,Dynamic Active Emerging Markets ETF,Equity,0.8,9341200,,883,2021-06-15
DXF,Dynamic Active Global Financial Services ETF,Equity,0.75,18153750,,8292,2017-09-22
DXG,Dynamic Active Global Dividend ETF,Equity,0.75,786713499.9999999,,35274,2017-01-20
DXG.U,Dynamic Active Global Dividend ETF,Equity,0.75,6032500,,5529,2024-09-11
DXGE,Dynamic Active Global Equity Income ETF,Equity,0.5,96064500,,12647,2023-10-24
DXID,Dynamic Active Innovation and Disruption ETF,Equity,0.7,71237050,,22518,2025-01-10
DXID.U,Dynamic Active Innovation and Disruption ETF,Equity,0.7,4820300,,6888,2025-01-10
DXIF,Dynamic Active International ETF,Equity,0.75,14430500,,2990,2021-03-31
DXMO,Dynamic Active Mining Opportunities ETF,Equity,0.65,86352250,,31646,2024-07-02
DXN,Dynamic Active Global Infrastructure ETF,Equity,0.85,22959000,,977,2020-02-03
DXO,Dynamic Active Crossover Bond ETF,Fixed Income,0.5,97012500,,28942,2017-01-20
DXP,Dynamic Active Preferred Shares ETF,Preferred Share,0.58,616723500,,110155,2017-01-20
DXQ,Dynamic Active Enhanced Yield Covered Options ETF,Equity,0.65,606556250,,226038,2022-09-19
DXR,Dynamic Retirement Income Fund,Alternative,0.75,13219500,,2204,2021-03-31
DXRE,Dynamic Active Real Estate ETF,Equity,0.65,37339500,,111,2024-07-02
DXU,Dynamic Active U.S. Dividend ETF,Equity,0.75,81236000,,2307,2017-01-20
DXU.U,Dynamic Active U.S. Dividend ETF,Equity,0.75,1050000,,1,2024-09-11
DXUS,Dynamic Active U.S. Equity ETF,Equity,0.75,284592000.00000006,,15560,2023-10-24
DXUS.U,Dynamic Active U.S. Equity ETF,Equity,0.75,6342300,,108,2024-09-11
DXV,Dynamic Active Ultra Short Term Bond ETF,Fixed Income,0.3,339307500,,156163,2018-03-23
DXW,Dynamic Active International Dividend ETF,Equity,0.7,52580500,,4264,2020-02-03
DXZ,Dynamic Active U.S. Mid-Cap ETF,Equity,0.75,24988500,,5831,2017-09-22
EARN,Evolve Active Global Fixed Income Fund,Fixed Income,0.65,30764797.049999997,,1595,2018-11-14
EASY,Evolve All-in-One UltraYield ETF,-,-,985600,,0,-
EBIT,Evolve Bitcoin ETF,Cryptocurrency,0.75,170244197.00000003,,83379,2021-02-17
EBIT.U,Evolve Bitcoin ETF,Cryptocurrency,0.75,10937435,,6388,2021-02-17
EBNK,Evolve European Banks Enhanced Yield ETF,Equity,0.6,84273590,,93384,2022-01-11
EBNK.B,Evolve European Banks Enhanced Yield ETF,Equity,0.6,50292000,,22495,2022-01-07
EBNK.U,Evolve European Banks Enhanced Yield ETF,Equity,0.6,5444000,,3791,2022-01-07
ECHI,Ninepoint Enhanced Canadian HighShares ETF,Equity,0,105565200,,208930,2025-08-22
EDGE,Evolve Innovation Index Fund,Equity,0.4,30697500,,2297,2018-05-02
EDGE.U,Evolve Innovation Index Fund,Equity,0.4,589250,,2,2021-01-07
EDGF,Brompton European Dividend Growth ETF,Equity,0.75,38138085,,5997,2017-07-21
EGIF,Exemplar Growth and Income Fund,Asset Allocation,0.8,2448000,,145,2018-06-29
EHE,CI Europe Hedged Equity Index ETF,Equity,0.55,2810250,,118,2016-07-12
EHE.B,CI Europe Hedged Equity Index ETF,Equity,0.55,902500,,151,2017-08-08
EMAX,Hamilton Energy YIELD MAXIMIZER TM ETF,Equity,0.65,462022938.41,,264023,2024-02-06
EMV.B,CI Emerging Markets Dividend Index ETF,Equity,0.38,78494400,,11964,2017-09-19
ENBE,Harvest Enbridge Enhanced High Income Shares ETF,Single Stock ETF,0.4,6825000,,13586,2025-08-21
ENCC,Global X Canadian Oil and Gas Equity Covered Call ETF,Equity,0.65,797147376.89,,496229,2011-04-11
ENCL,Global X Enhanced Canadian Oil and Gas Equity Covered Call ETF,Equity,0.85,313421888.5,,274549,2023-10-10
ENHI,Ninepoint Enbridge HighShares ETF,Single Stock ETF,0,11894400,,4258,2025-08-22
EQCC,Global X All-Equity Asset Allocation Covered Call ETF,Equity,0.49,11227258.02,,7498,2024-10-10
EQCL,Global X Enhanced All-Equity Asset Allocation Covered Call ETF,Equity,0.75,55650358.12,,37303,2023-10-10
EQL,Invesco S&P 500 Equal Weight Index ETF,Equity,0.25,1561780500.0000002,,235165,2018-05-29
EQL.F,Invesco S&P 500 Equal Weight Index ETF,Equity,0.25,1079822430,,211634,2018-05-29
EQL.U,Invesco S&P 500 Equal Weight Index ETF,Equity,0.25,48052000,,23446,2018-05-29
EQLI,Invesco S&P 500 Equal Weight Income Advantage ETF,Equity,0.34,141487500,,40501,2024-08-15
EQLI.F,Invesco S&P 500 Equal Weight Income Advantage ETF,Equity,0.34,1003999.9999999999,,2183,2025-11-06
EQLI.U,Invesco S&P 500 Equal Weight Income Advantage ETF,Equity,0.34,1008000,,204,2025-11-06
EQLT,Invesco S&P/TSX 60 Equal Weight Index ETF,Equity,0.25,21988750,,2906,2025-04-03
EQY,Franklin All-Equity ETF,Asset Allocation,0.13,3960000,,133,2024-06-05
ESG,Invesco S&P 500 ESG Index ETF,Equity,0.15,528880000,,27729,2021-01-28
ESG.F,Invesco S&P 500 ESG Index ETF,Equity,0.15,98865000,,8266,2021-01-28
ESGA,BMO MSCI Canada Selection Equity Index ETF,Equity,0.15,179166720,,22145,2020-01-15
ESGB,BMO ESG Corporate Bond Index ETF,Fixed Income,0.15,83485620,,10806,2020-01-15
ESGC,Invesco S&P/TSX Composite ESG Index ETF,Equity,0.15,109256000.00000001,,17859,2020-10-06
ESGE,BMO MSCI EAFE Selection Equity Index ETF,Equity,0.25,113384664.00000001,,6577,2020-01-16
ESGF,BMO ESG US Corporate Bond Hedged to CAD Index ETF,Fixed Income,0.2,26498959.999999996,,826,2020-01-15
ESGG,BMO MSCI Global Selection Equity Index ETF,Equity,0.25,50462800,,3255,2020-01-16
ESGY,BMO MSCI USA Selection Equity Index ETF,Equity,0.2,169087950,,3181,2020-01-15
ESGY.F,BMO MSCI USA Selection Equity Index ETF,Equity,0.2,7524000,,422,2021-01-19
ESPX,Evolve S&P 500® Enhanced Yield Fund,Equity,0.45,133699500.00000001,,28676,2023-01-09
ESPX.B,Evolve S&P 500® Enhanced Yield Fund,Equity,0.45,3412500,,275,2023-01-09
ESPX.U,Evolve S&P 500® Enhanced Yield Fund,Equity,0.45,8925000,,897,2023-07-06
ETC,Evolve Cryptocurrencies ETF,Cryptocurrency,0,55961508,,34407,2021-09-24
ETC.U,Evolve Cryptocurrencies ETF,Cryptocurrency,0,1306914,,1433,2021-09-24
ETHH,Purpose Ether ETF,Cryptocurrency,1,105495000,,435002,2021-04-20
ETHH.B,Purpose Ether ETF,Cryptocurrency,1,181089582.79999998,,352790,2021-04-20
ETHH.F,Purpose Ether ETF,Cryptocurrency,-,-,,-,2021-10-06
ETHH.U,Purpose Ether ETF,Cryptocurrency,1,19687500,,6459,2021-04-20
ETHH.V,Purpose Ether ETF,Cryptocurrency,-,-,,-,2021-10-06
ETHI,Global X Global Sustainability Leaders Index ETF,Equity,0.45,90601984.2,,3837,2018-10-31
ETHO.B,Purpose Core Ether ETF,Cryptocurrency,0.29,30687000,,19601,2025-05-14
ETHO.U,Purpose Core Ether ETF,Cryptocurrency,0.29,740500,,544,2025-05-14
ETHQ,3iQ Ether Staking ETF,Cryptocurrency,1,75246369,,29568,2021-04-22
ETHQ.U,3iQ Ether Staking ETF,Cryptocurrency,1,55477095.69,,14539,2021-04-22
ETHR,Evolve Ether ETF,Cryptocurrency,0.75,48893865,,169849,2021-04-20
ETHR.U,Evolve Ether ETF,Cryptocurrency,0.75,2478142,,672,2021-04-20
ETHX,CI Galaxy Ethereum ETF,Cryptocurrency,0.4,6420250,,24714,2025-08-22
ETHX.B,CI Galaxy Ethereum ETF,Cryptocurrency,0.4,363005760,,993727,2021-04-16
ETHX.U,CI Galaxy Ethereum ETF,Cryptocurrency,0.4,57729999.99999999,,123980,2021-04-16
ETHY,Purpose Ether Yield ETF,Cryptocurrency,1.1,57482000,,746173,2021-11-19
ETHY.B,Purpose Ether Yield ETF,Cryptocurrency,1.1,13598750,,79787,2021-11-19
ETHY.U,Purpose Ether Yield ETF,Cryptocurrency,1.1,1476000,,17976,2021-11-19
ETP,First Trust Global Risk Managed Income Index ETF,Asset Allocation,0.41,14782971.06,,255,2014-07-23
ETSX,Evolve S&P/TSX 60 Enhanced Yield Fund,Equity,0.45,106920000,,24513,2023-01-09
EVO,Evovest Global Equity ETF,Equity,0.73,216895500,,32039,2024-03-28
FAUS,Fidelity Advanced U.S. Equity Fund,Equity,0.6,2113100,,824,2025-01-23
FAUS.U,Fidelity Advanced U.S. Equity Fund,Equity,0.6,1572500,,193,2025-01-23
FBGO,Franklin Brandywine Global Income Optimiser Fund,Fixed Income,0.6,26877000,,4313,2021-06-29
FBT,First Trust NYSE Arca Biotechnology ETF,Equity,0.72,2995200,,1248,2014-10-30
FBT.F,First Trust NYSE Arca Biotechnology ETF - Hedged Units,-,0.15,-,,-,2017-06-01
FBTC,Fidelity Advantage Bitcoin ETF,Cryptocurrency,0.32,1221284500,,508370,2021-11-30
FBTC.U,Fidelity Advantage Bitcoin ETF,Cryptocurrency,0.32,896482999.9999999,,9838,2021-11-30
FCAB,Fidelity Absolute Income Fund,Fixed Income,0.55,642969600,,30879,2025-01-24
FCAB.U,Fidelity Absolute Income Fund,Fixed Income,0.55,475272000,,2219,2025-01-24
FCAE,Fidelity American Equity Fund,Equity,0.85,977999.9999999999,,1470,2026-01-27
FCCD,Fidelity Canadian High Dividend ETF,Equity,0.35,340726500,,30792,2018-09-13
FCCQ,Fidelity Canadian High Quality ETF,Equity,0.35,835725000,,8373,2019-01-18
FCCV,Fidelity Canadian Value ETF,Equity,0.35,925462500,,134018,2020-06-05
FCGI,Fidelity Global Monthly High Income ETF,Asset Allocation,0.55,43652000,,7610,2020-01-16
FCID,Fidelity International High Dividend ETF,Equity,0.45,289595000,,94899,2018-09-13
FCII,Franklin ClearBridge Global Infrastructure Income Fund,Equity,0.85,20722500,,4620,2021-06-29
FCIQ,Fidelity International High Quality ETF,Equity,0.45,1505826000,,88078,2019-01-18
FCIQ.U,Fidelity International High Quality ETF,Equity,0.45,1105686000,,9147,2019-01-18
FCIV,Fidelity International Value ETF,Equity,0.45,1809036000,,285163,2020-06-05
FCMI,Fidelity Canadian Monthly High Income ETF,Asset Allocation,0.5,15130000,,4263,2020-01-16
FCQH,Fidelity U.S. High Quality Currency Neutral ETF,Equity,0.38,66881250,,11128,2019-01-18
FCRC,Franklin Canadian Core Equity Fund,Equity,0.13,1229500,,255,2025-06-25
FCRI,Franklin International Core Equity Fund,Equity,0.22,9040000,,15445,2025-06-25
FCRR,Fidelity U.S. Dividend for Rising Rates ETF,Equity,0.35,36467500,,1202,2018-09-13
FCRR.U,Fidelity U.S. Dividend for Rising Rates ETF,Equity,0.35,27731250,,236,2018-09-13
FCRU,Franklin U.S. Core Equity Fund,Equity,0.17,2244000,,729,2025-06-25
FCSI,Franklin ClearBridge International Growth Fund,Equity,0.85,6415000,,382,2021-06-29
FCUB,Fidelity Core U.S. Bond ETF,Fixed Income,0.3,243064350.00000003,,10384,2025-01-24
FCUB.U,Fidelity Core U.S. Bond ETF,Fixed Income,0.3,178304925,,5174,2025-01-24
FCUD,Fidelity U.S. High Dividend ETF,Equity,0.35,247191750,,11231,2018-09-13
FCUD.U,Fidelity U.S. High Dividend ETF,Equity,0.35,181824750,,1168,2018-09-13
FCUH,Fidelity U.S. High Dividend Currency Neutral ETF,Equity,0.38,31878000,,5395,2018-09-13
FCUQ,Fidelity U.S. High Quality ETF,Equity,0.35,1953526250,,39349,2019-01-18
FCUQ.U,Fidelity U.S. High Quality ETF,Equity,0.35,1467460000,,297,2019-01-18
FCUV,Fidelity U.S. Value ETF,Equity,0.35,2650981500,,389690,2020-06-05
FCUV.U,Fidelity U.S. Value ETF,Equity,0.35,1968561750.0000002,,20504,2020-06-05
FCVH,Fidelity U.S. Value Currency Neutral ETF,Equity,0.38,263040000.00000003,,142621,2020-06-05
FDL,First Trust Morningstar Dividend Leaders ETF (CAD-Hedged),Equity,0.66,11753700,,359,2016-09-29
FDN,First Trust Dow Jones Internet ETF,Equity,0.55,5638500,,1171,2014-10-30
FDN.F,First Trust Dow Jones Internet ETF,Equity,0.55,739599.9999999999,,129,2017-12-08
FEBB.F,First Trust Vest U.S. Equity Buffer ETF - February,Equity,0.85,44336000,,7696,2020-02-25
FETH,Fidelity Advantage Ether ETF,Cryptocurrency,0.44,61891500,,20108,2022-09-26
FETH.U,Fidelity Advantage Ether ETF,Cryptocurrency,0.44,43461000,,2521,2022-09-26
FGBL,Forstrong Global Balanced ETF,Asset Allocation,0.5,1684500,,63,2024-09-10
FGEB,Fidelity Global Equity+ Balanced Fund,Asset Allocation,0.85,22706250,,10408,2024-05-16
FGEP,Fidelity Global Equity+ Fund,Equity,0.9,246967500,,131505,2024-05-15
FGEP.U,Fidelity Global Equity+ Fund,Equity,0.9,184760000,,4388,2024-05-14
FGGE,Franklin Global Growth Fund,Equity,0.9,11210000,,2618,2020-10-06
FGO,CI Enhanced Government Bond ETF,Fixed Income,0.55,624108744,,1093471,2018-07-26
FGO.U,CI Enhanced Government Bond ETF,Fixed Income,0.55,12363717.5,,2724,2018-07-26
FGOV,Franklin Canadian Government Bond Fund,Fixed Income,0.15,9292500,,2009,2024-04-08
FGRW,Forstrong Global Growth ETF,Equity,0.5,2487000,,847,2023-08-10
FGSM,Fidelity Global Small-Mid Cap Equity Fund,Equity,0.85,1018000,,1347,2025-10-10
FHG,First Trust AlphaDEX U.S. Industrials Sector Index ETF,Equity,0.78,51000000,,3158,2014-10-30
FHG.F,First Trust AlphaDEX U.S. Industrials Sector Index ETF,Equity,0.76,1850000,,13,2017-12-08
FHH,First Trust AlphaDEX U.S. Health Care Sector Index ETF,Equity,0.76,6244500,,237,2014-10-30
FHH.F,First Trust AlphaDEX U.S. Health Care Sector Index ETF,Equity,0.77,3017000,,17,2017-12-08
FHI,CI Health Care Giants Covered Call ETF,Equity,0.65,105690500,,21708,2018-06-07
FHI.B,CI Health Care Giants Covered Call ETF,Equity,0.65,4287500,,569,2018-06-07
FHI.U,CI Health Care Giants Covered Call ETF,Equity,0.65,2410000,,292,2022-03-03
FHIS,Franklin Canadian Ultra Short Term Bond Fund,Fixed Income,0.15,319464000,,147922,2022-09-12
FHQ,First Trust AlphaDEX U.S. Technology Sector Index ETF,Equity,0.78,25982500,,688,2014-10-30
FHQ.F,First Trust AlphaDEX U.S. Technology Sector Index ETF,Equity,0.78,5558000,,91,2017-12-08
FIE,iShares Canadian Financial Monthly Income ETF,Asset Allocation,0.81,1234233000,,378730,2010-04-16
FIG,CI Investment Grade Bond ETF,Fixed Income,0.65,135864497.84,,61112,2009-10-23
FIG.U,CI Investment Grade Bond ETF,Fixed Income,0.65,5003775,,4148,2017-12-07
FINC,Forstrong Global Income ETF,Equity,0.5,17336750,,886,2023-08-10
FINO,Franklin Innovation Fund,Equity,0.8,6970000,,1110,2021-02-04
FINT,First Trust International Capital Strength ETF,Equity,0.74,16970000,,5469,2018-05-17
FLCI,Franklin Canadian Corporate Bond Fund,Fixed Income,0.3,66821999.99999999,,7587,2017-05-30
FLCP,Franklin Canadian Core Plus Bond Fund,Fixed Income,0.63,120352499.99999999,,24164,2019-07-08
FLGA,Franklin Global Core Bond Fund,Fixed Income,0.35,397110000,,43669,2018-05-14
FLI,CI U.S. & Canada Lifeco Covered Call ETF,Equity,0.75,83825906.5,,84240,2013-08-22
FLOT,Purpose Floating Rate Income Fund - ETF,-,0.85,-,,-,2018-08-07
FLOT.B,Purpose Floating Rate Income Fund - ETF Non-currency hedged CAD,-,-,-,,-,-
FLOT.U,Purpose Floating Rate Income Fund - ETF Non-currency hedged USD,-,-,-,,-,-
FLSD,Franklin Canadian Short Term Bond Fund,Fixed Income,0.46,70627500,,12716,2019-07-08
FLSE,Fidelity Global Opportunities Long/Short Fund,Equity,1.15,1962000,,9725,2026-01-27
FLUS,Franklin U.S. Large Cap Multifactor Index ETF,Equity,0.28,108800000,,4741,2017-06-05
FLX,Purpose Global Flexible Credit Fund,Fixed Income,0.85,18143412,,5924,2011-06-17
FLX.B,Purpose Global Flexible Credit Fund,Fixed Income,0.85,3775500.0000000005,,7705,2018-08-07
FLX.U,Purpose Global Flexible Credit Fund,Fixed Income,0.85,7350005.54,,728,2021-12-17
FMAE,Fidelity Multi-Alt Equity Fund,Equity,1.1,43271250,,90568,2025-10-10
FMAX,Hamilton U.S. Financials YIELD MAXIMIZER TM ETF,Equity,0,139505413.85999998,,63297,2024-02-06
FMPB,Fidelity Global Balanced Portfolio,Asset Allocation,0.8,5301960,,3291,2025-10-10
FMPG,Fidelity Global Growth Portfolio,Asset Allocation,0.85,1335360,,1086,2025-10-10
FMPI,Fidelity Global Income Portfolio,Asset Allocation,0.7,1040400.0000000001,,669,2025-10-10
FPR,CI Preferred Share ETF,Preferred Share,0.65,57496447.58,,1072,2016-05-11
FSB,CI Enhanced Short Duration Bond Fund,Fixed Income,0.6,235629120,,107814,2017-09-07
FSB.U,CI Enhanced Short Duration Bond Fund,Fixed Income,0.6,8084967,,30755,2017-10-02
FSF,CI Global Financial Sector ETF,Equity,0.85,85810658.94000001,,6591,2014-11-21
FSL,First Trust Senior Loan ETF (CAD-Hedged),Fixed Income,1.01,57342291.74,,22977,2013-04-28
FST,First Trust Canadian Capital Strength ETF,Equity,0.66,206022999.38,,8268,2001-11-30
FTHI,Fidelity Tactical High Income Fund,Asset Allocation,0.75,56347350.00000001,,55141,2024-05-16
FTLS,First Trust Long/Short Equity ETF,Alternative,0.15,8484000,,5841,2025-07-18
FUD,First Trust Value Line Dividend Index ETF (CAD-Hedged),Equity,0.78,5700309.4399999995,,107,2013-05-15
FXM,CI Morningstar Canada Value Index ETF,Equity,0.6,467800003.20000005,,45974,2012-02-13
GASD,SavvyShort Geared Natural Gas ETF,Leverage/Inverse,1.15,3316250,,6946,2025-11-17
GASU,SavvyLong Geared Natural Gas ETF,Leverage/Inverse,1.15,3279250,,5624,2024-11-29
GBAL,iShares ESG Balanced ETF Portfolio,Asset Allocation,0.22,212550000,,15731,2020-09-02
GBSL,Ninepoint Global Select Fund,Alternative,0,7106399.999999999,,4324,2025-09-17
GBUL,Ninepoint Gold Bullion Fund,Commodity,0.5,1806000,,773,2025-07-16
GCBD,Guardian Canadian Bond Fund,Fixed Income,0.3,48127552.199999996,,21836,2021-03-31
GCEI,Guardian Canadian Equity Income Fund,-,0.5,1000000,,,2026-03-10
GCFE,Guardian Canadian Focused Equity Fund,Equity,0,22277200.000000004,,13811,2023-11-14
GCNS,iShares ESG Conservative Balanced ETF Portfolio,Asset Allocation,0.22,64641600,,7284,2020-09-02
GCSC,Guardian Canadian Diversified Core Equity Fund,Equity,0.5,17704500,,1340,2021-03-31
GCTB,Guardian Ultra-Short Canadian T-Bill Fund,Cash/Currency,0.12,252752500,,90633,2023-06-30
GDEP,Guardian Directed Equity Path Portfolio,Equity,0.85,8203500,,971,2020-08-11
GDEP.B,Guardian Directed Equity Path Portfolio,Equity,0.85,11214000,,41,2020-08-11
GDPY,Guardian Directed Premium Yield Portfolio,Equity,0.85,26626500,,15399,2020-08-11
GDPY.B,Guardian Directed Premium Yield Portfolio,Equity,0.85,31098000,,14377,2020-08-11
GDXD,BetaPro Canadian Gold Miners -2x Daily Bear ETF,Leverage/Inverse,1.15,19693346.849999998,,1096258,2007-06-25
GDXU,BetaPro Canadian Gold Miners 2x Daily Bull ETF,Leverage/Inverse,1.15,370265062.49999994,,239127,2007-06-25
GEQT,iShares ESG Equity ETF Portfolio,Asset Allocation,0.25,209432000,,13696,2020-09-02
GFGE,Guardian Fundamental Global Equity Fund,-,0.6,1000000,,,2026-03-10
GGRO,iShares ESG Growth ETF Portfolio,Asset Allocation,0.24,216312250,,11188,2020-09-02
GIDY,Guardian i3 Global Dividend Premium Yield Fund,Equity,0.7,50599999.99999999,,28780,2025-03-04
GIES,Guardian International Equity Select Fund,Equity,0,4833000,,15464,2023-11-14
GIGC,Guardian Investment Grade Corporate Bond Fund,Fixed Income,0.4,18463200,,427,2024-04-30
GIQG,Guardian i3 Global Quality Growth ETF,Equity,0.65,7197750,,3232,2020-08-11
GIQG.B,Guardian i3 Global Quality Growth ETF,Equity,0.65,44714250,,1808,2020-08-11
GIQU,Guardian i3 US Quality Growth Fund,Equity,0.55,4401250,,114,2020-08-11
GIQU.B,Guardian i3 US Quality Growth Fund,Equity,0.65,16230749.999999998,,375,2020-08-11
GLCC,Global X Gold Producer Equity Covered Call ETF,Equity,0.65,664218895.48,,126011,2011-04-11
GLCL,Global X Enhanced Gold Producer Equity Covered Call ETF,Equity,0.85,24133266.240000002,,11429,2025-04-30
GLDD,BetaPro Gold Bullion -2x Daily Bear ETF,Leverage/Inverse,1.15,4542212.55,,390868,2008-01-22
GLDE,Ninepoint Gold and Precious Minerals Fund,Equity,1.5,19371500,,14551,2025-07-16
GLDU,BetaPro Gold Bullion 2x Daily Bull ETF,Leverage/Inverse,1.15,77518168.7,,357585,2008-01-22
GLDX,Global X Gold Producers Index ETF,Equity,0.4,262537423.4,,86005,2024-11-07
GOGY,Harvest Alphabet Enhanced High Income Shares ETF,Single Stock ETF,0.4,101372500,,29282,2025-03-05
GRCC,Global X Growth Asset Allocation Covered Call ETF,Asset Allocation,0.49,16596238.100000001,,19241,2023-10-10
GRO,Franklin Growth ETF Portfolio,Asset Allocation,0.13,1255500,,68,2024-06-05
GSDB,Guardian Short Duration Bond Fund,-,0.3,1000000,,,2026-03-10
GTRI,IA Clarington Agile Global Total Return Income Fund,Fixed Income,0.65,126098500,,161127,2025-07-21
GUTB.U,Guardian Ultra-Short U.S. T-Bill Fund,Cash/Currency,0,29535400,,2616,2023-06-30
HAB,Global X Active Corporate Bond ETF,Fixed Income,0.5,293436681.46,,68846,2010-07-14
HAC,Global X Seasonal Rotation ETF,Alternative,0.75,155336609.19000003,,6007,2009-11-19
HAD,Global X Active Canadian Bond ETF,Fixed Income,0.3,43520930.92,,8098,2012-10-10
HAF,Global X Active Global Fixed Income ETF,Fixed Income,0.45,63630395.519999996,,23381,2009-07-20
HAL,Global X Active Canadian Dividend ETF,Equity,0.55,120168054,,8648,2010-02-09
HALO,Russell Investments Fallen Angels ETF,Fixed Income,0.35,17892000,,14349,2026-02-18
HAZ,Global X Active Global Dividend ETF,Equity,0.65,518666863.41,,33455,2010-07-20
HBA,Hamilton Australian Bank Equal-Weight Index ETF,Equity,0.55,140106943.35,,7966,2020-06-26
HBAL,Global X Balanced Asset Allocation ETF,Asset Allocation,0.2,166378702.04000002,,29444,2018-08-02
HBB,Global X Canadian Select Universe Bond Index Corporate Class ETF,Fixed Income,0.09,3573946967.5,,155475,2014-05-07
HBF,Harvest Brand Leaders Plus Income ETF,Equity,0.75,510914959.36,,82429,2014-06-26
HBF.B,Harvest Brand Leaders Plus Income ETF,Equity,0.75,32643000,,5909,2020-02-27
HBF.U,Harvest Brand Leaders Plus Income ETF,Equity,0.75,37876876.5,,5460,2014-06-26
HBGD,Global X Big Data & Hardware Index ETF,Equity,0.45,35781408,,4395,2018-06-20
HBGD.U,Global X Big Data & Hardware Index ETF,Equity,0.45,26782704,,529,2018-06-20
HBIE,Harvest Balanced Income & Growth Enhanced ETF,Asset Allocation,0,13156000,,5318,2024-04-04
HBIG,Harvest Balanced Income & Growth ETF,Asset Allocation,0,10575000,,3581,2024-04-15
HBIL,Hamilton U.S. T-Bill YIELD MAXIMIZER TM ETF,Fixed Income,0.35,223148846.79,,126115,2024-09-13
HBIL.U,Hamilton U.S. T-Bill YIELD MAXIMIZER TM ETF,Fixed Income,0.35,29847354.98,,19618,2024-09-13
HBLK,Blockchain Technologies ETF,Equity,0.65,20079000,,2766,2018-01-31
HBND,Hamilton U.S. Bond YIELD MAXIMIZER TM ETF,Equity,0.45,174144821.76000002,,115218,2023-09-08
HBND.U,Hamilton U.S. Bond YIELD MAXIMIZER TM ETF,Equity,0.45,12605295.15,,7333,2023-09-14
HBNK,Global X Equal Weight Canadian Banks Index ETF,Equity,0.25,815202512.37,,333942,2023-07-05
HCA,Hamilton Canadian Bank Mean Reversion Index ETF,Equity,0.45,83689190.16,,6352,2020-06-26
HCAL,Hamilton Enhanced Canadian Bank ETF,Equity,0.65,791626544.9499999,,206938,2020-10-14
HCLN,Harvest Clean Energy ETF,Equity,0.4,20322900,,16602,2021-01-07
HCON,Global X Conservative Asset Allocation ETF,Asset Allocation,0.18,33809411.04,,7959,2018-08-02
HCRE,Global X Equal Weight Canadian REITs Index Corporate Class ETF,Equity,0.3,46848698.699999996,,4693,2019-01-22
HDGE,Accelerate Absolute Return Fund,Alternative,1.13,42811000,,5100,2019-05-03
HDGE.U,Accelerate Absolute Return Fund,Alternative,-,32131500,,9,2019-05-05
HDIF,Harvest Diversified Monthly Income ETF,Equity,0,468083749.99999994,,317407,2022-02-04
HDIV,Hamilton Enhanced Canadian Covered Call ETF,Equity,0.65,1354930685.85,,690531,2021-07-21
HEB,Hamilton Canadian Bank Equal-Weight Index ETF,Equity,0.25,1060728634.76,,45300,2023-03-27
HEQL,Global X Enhanced All-Equity Asset Allocation ETF,Equity,0.45,19674326.54,,32095,2023-10-10
HEQT,Global X All-Equity Asset Allocation ETF,Equity,0.18,327050515.03999996,,53629,2019-09-13
HERO,Evolve E-Gaming Index ETF,Equity,0.7,13657000.000000002,,5514,2019-06-17
HEWB,Global X Equal Weight Canadian Banks Index Corporate Class ETF,Equity,0.25,248335404.6,,12424,2019-01-22
HFG,Hamilton Global Financials ETF,Equity,0.75,57903914.75,,4233,2020-06-26
HFIN,Hamilton Enhanced Canadian Financials ETF,Equity,0.65,329333449.76000005,,19512,2022-01-26
HFN,HAMILTON CHAMPIONS TM Canadian Financials Index ETF,Equity,-,203564714.79999998,,38420,2025-01-20
HFR,Global X Active Ultra-Short Term Investment Grade Bond ETF,Fixed Income,0.4,553030522.525,,240696,2010-12-10
HGGG,Harvest Global Gold Giants Index ETF,Equity,0.4,67600000,,5121,2019-01-07
HGR,Harvest Global REIT Leaders Income ETF,Equity,0.85,32026000.000000004,,36422,2017-06-14
HGRW,Global X Growth Asset Allocation ETF,Asset Allocation,0.18,32848719.99,,2338,2023-10-10
HGY,Global X Gold Yield ETF,Commodity,0.6,238618393.59999996,,114541,2010-12-17
HHIC,Harvest Canadian High Income Shares ETF,Single Stock ETF,0.4,170973000,,188816,2025-08-21
HHIH,Harvest High Income Equity Shares ETF,Equity,0.4,80050250,,34029,2025-08-19
HHIS,Harvest Diversified High Income Shares ETF,Single Stock ETF,0,1246050000,,1640683,2025-01-16
HHIS.U,Harvest Diversified High Income Shares ETF,Single Stock ETF,0,24854250,,29999,2025-10-07
HHL,Harvest Healthcare Leaders Income ETF,Equity,0.85,1589369339.7450001,,1034349,2014-11-19
HHL.B,Harvest Healthcare Leaders Income ETF,Equity,0.85,14195000,,8236,2020-02-27
HHL.U,Harvest Healthcare Leaders Income ETF,Equity,0.85,106063750,,27170,2017-01-17
HHLE,Harvest Healthcare Leaders Enhanced Income ETF,Equity,0.85,89993750,,112910,2022-08-30
HIG,Brompton Global Healthcare Income & Growth ETF,Equity,0.75,63510405.25,,16906,2015-09-24
HIG.U,Brompton Global Healthcare Income & Growth ETF,Equity,0.75,741675,,917,2019-08-08
HIND,Harvest Industrial Leaders Income ETF,Equity,0,84705750,,34236,2024-04-15
HISU.U,US High Interest Savings Account Fund,Cash/Currency,0.15,583344625,,338601,2022-08-30
HLIF,Harvest Canadian Equity Income Leaders ETF,Equity,0.65,150272000,,45803,2022-06-06
HLIT,Global X Lithium Producers Index ETF,Equity,1,22439040,,12414,2021-06-23
HLPR,Global X Laddered Canadian Preferred Share Index Corporate Class ETF,Preferred Share,0.3,114298264.08000001,,5320,2019-02-26
HMAX,Hamilton Canadian Financials YIELD MAXIMIZER TM ETF,Equity,0.65,2018054522.445,,1105495,2023-01-20
HMMJ,Global X Marijuana Life Sciences Index ETF,Equity,0.75,43752612.510000005,,16571,2017-04-04
HMMJ.U,Global X Marijuana Life Sciences Index ETF,Equity,0.75,32436238.32,,57,2017-04-04
HMP,Global X Active Canadian Municipal Bond ETF,Fixed Income,0.25,66519602.31,,131858,2015-08-12
HND,BetaPro Natural Gas Inverse Leveraged Daily Bear ETF,Leverage/Inverse,1.15,104057931.36,,15320709,2008-01-15
HNU,BetaPro Natural Gas Leveraged Daily Bull ETF,Leverage/Inverse,1.15,173804089.57,,4900991,2008-01-15
HOD,BetaPro Crude Oil Inverse Leveraged Daily Bear ETF,Leverage/Inverse,1.15,64668906.25,,10191779,2008-01-15
HODY,Harvest Robinhood Enhanced High Income Shares ETF,Single Stock ETF,0.4,33993250,,87978,2025-10-01
HOU,BetaPro Crude Oil Leveraged Daily Bull ETF,Leverage/Inverse,1.15,185333109.56,,3218592,2008-01-15
HPF,Harvest Energy Leaders Plus Income ETF,Equity,0.85,65299561.765,,74157,2014-09-24
HPF.U,Harvest Energy Leaders Plus Income ETF,Equity,0.85,2613188.2,,2026,2014-09-24
HPR,Global X Active Preferred Share ETF,Preferred Share,0.55,916427202.3499999,,163244,2010-11-22
HPYB,Harvest Premium Yield Canadian Bank ETF,Equity,0.65,16422000,,60488,2026-01-21
HPYE,Harvest Premium Yield Enhanced ETF,Equity,0.65,21717000,,70487,2026-01-21
HPYM,Harvest Premium Yield 7-10 Year Treasury ETF,Fixed Income,0,252909000,,146415,2024-01-16
HPYM.U,Harvest Premium Yield 7-10 Year Treasury ETF,Fixed Income,0,12408499.999999998,,4833,2024-01-16
HPYT,Harvest Premium Yield Treasury ETF,Fixed Income,0,389338750,,395192,2023-09-28
HPYT.B,Harvest Premium Yield Treasury ETF,Fixed Income,0,9245000,,9498,2024-06-12
HPYT.U,Harvest Premium Yield Treasury ETF,Fixed Income,0,20757500,,20680,2024-01-16
HRIF,Harvest Diversified Equity Income ETF,Equity,0,24026500,,11251,2023-04-04
HRMS,Hermès CDR (CAD Hedged),-,-,1085500,,97,-
HSAV,Global X Cash Maximizer Corporate Class ETF,Cash/Currency,0.18,1926191250,,75585,2020-02-06
HSH,Global X S&P 500 CAD Hedged Index Corporate Class ETF,Equity,0.1,309919800.5,,25587,2016-09-20
HSUV.U,Global X USD Cash Maximizer Corporate Class ETF,Cash/Currency,0.08,764841000,,24957,2020-07-02
HTA,Harvest Tech Achievers Growth & Income ETF,Equity,0.85,674517418.74,,144802,2015-04-27
HTA.B,Harvest Tech Achievers Growth & Income ETF,Equity,0.85,5760000,,2250,2020-02-27
HTA.U,Harvest Tech Achievers Growth & Income ETF,Equity,0.85,36396000,,5572,2017-06-14
HTAE,Harvest Tech Achievers Enhanced Income ETF,Equity,0.85,80237000,,49579,2022-10-25
HTB,Global X US 7-10 Year Treasury Bond Index Corporate Class ETF,Fixed Income,0.15,167425480.1,,9290,2015-04-08
HTB.U,Global X US 7-10 Year Treasury Bond Index Corporate Class ETF,Fixed Income,0.15,123860403.3,,1648,2015-04-08
HTTD,BetaPro US 30-Year T-Bond -3x Daily Bear ETF,Leverage/Inverse,1.15,-,,-,2022-08-26
HTTU,BetaPro US 30-Year T-Bond 3x Daily Bull ETF,Leverage/Inverse,-,-,,-,2022-08-26
HUBL,Harvest US Bank Leaders Income ETF,Equity,0.75,100168750,,22154,2018-02-05
HUBL.U,Harvest US Bank Leaders Income ETF,Equity,0.75,12097500,,4822,2018-01-26
HUC,Global X Crude Oil ETF,Commodity,0.75,56243684.1,,153499,2009-06-25
HUG,Global X Gold ETF,Commodity,0.2,70255480,,37984,2009-06-25
HULC,Global X US Large Cap Index Corporate Class ETF,Equity,0.08,572332404,,19328,2020-02-06
HULC.U,Global X US Large Cap Index Corporate Class ETF,Equity,0.08,420472304.00000006,,2768,2020-02-06
HUM,Hamilton U.S. Mid-Cap Financials ETF,Equity,0.75,28616549.4,,1622,2020-06-26
HUN,Global X Natural Gas ETF,Commodity,0.75,9767322,,35635,2009-06-25
HURA,Global X Uranium Index ETF,Equity,0.75,206503200,,49144,2019-05-15
HUS,Hamilton US Financials Dividend Index ETF - CDN$ Hedged Units,Equity,0.55,-,,-,-
HUTE,Harvest Equal Weight Global Utilities Enhanced Income ETF,Equity,0.5,91650000,,59629,2022-10-25
HUTL,Harvest Equal Weight Global Utilities Income ETF,Equity,0.5,496193749.99999994,,138094,2019-01-07
HUTS,Hamilton Enhanced Utilities ETF,Equity,0.65,214140110.5,,45508,2022-09-01
HUZ,Global X Silver ETF,Commodity,0.65,70510500,,271837,2009-06-25
HVOI,Harvest Low Volatility Canadian Equity Income ETF,Equity,0.65,56863500,,13327,2025-04-15
HVOL,Harvest Low Volatility Canadian Equity ETF,Equity,0.35,5106500,,22782,2025-04-15
HXCN,Global X S&P/TSX Capped Composite Index Corporate Class ETF,Equity,0.05,2128351024.8,,78438,2020-02-06
HXDM,Global X Intl Developed Markets Equity Index Corporate Class ETF,Equity,0.2,998681626.8000001,,64881,2017-09-26
HXDM.U,Global X Intl Developed Markets Equity Index Corporate Class ETF,Equity,0.2,732400425.9,,11777,2017-09-27
HXE,Global X S&P/TSX Capped Energy Index Corporate Class ETF,Equity,0.25,116324722.5,,17370,2013-09-16
HXEM,Global X Emerging Markets Equity Index Corporate Class ETF,Equity,0.25,148730128.2,,21228,2020-08-05
HXF,Global X S&P/TSX Capped Financials Index Corporate Class ETF,Equity,0.25,104612200,,1444,2013-09-17
HXH,Global X Canadian High Dividend Index Corporate Class ETF,Equity,0.01,210117999.9,,7465,2016-04-08
HXQ,Global X Nasdaq-100 Index Corporate Class ETF,Equity,0.25,1318586547.2,,97978,2016-04-19
HXQ.U,Global X Nasdaq-100 Index Corporate Class ETF,Equity,0.25,970687203.2,,54343,2016-04-19
HXS,Global X S&P 500 Index Corporate Class ETF,Equity,0.1,5639690768.46,,163666,2010-11-30
HXS.U,Global X S&P 500 Index Corporate Class ETF,Equity,0.1,4144058946.4399996,,15850,2010-11-30
HXT,Global X S&P/TSX 60 Index Corporate Class ETF,Equity,0.07,4753124951.5199995,,874789,2010-09-14
HXT.U,Global X S&P/TSX 60 Index Corporate Class ETF,Equity,0.07,3508046766,,3250,2010-09-14
HXX,Global X Europe 50 Index Corporate Class ETF,Equity,0.17,179523472.20000002,,15201,2016-12-06
HYBR,Global X Active Hybrid Bond and Preferred Share ETF,Fixed Income,0.55,73169687.5,,22838,2013-10-01
HYLD,Hamilton Enhanced U.S. Covered Call ETF,Equity,-,971416487.865,,519328,2022-02-07
HYLD.U,Hamilton Enhanced U.S. Covered Call ETF,Equity,-,82474528.32,,35539,2022-02-04
ICAE,Invesco S&P/TSX Canadian Dividend Aristocrats ESG Index ETF,Equity,0.2,9838500,,1133,2023-02-23
ICBB,Invesco Global Bond ETF,-,-,-,,-,-
ICCB,Invesco Canadian Core Plus Bond ETF,Fixed Income,0.45,25000200,,1055,2024-08-15
ICGB,Invesco Global Bond ETF,Fixed Income,0.55,84928200,,141127,2024-08-15
ICPB,IA Clarington Agile Core Plus Bond Fund,Fixed Income,0.5,69646500,,69182,2018-10-22
IDEF.B,Manulife Smart International Defensive Equity ETF,Equity,0.28,3732500,,950,2022-11-09
IDIV.B,Manulife Smart International Dividend ETF,Equity,0.35,1183603750,,1016572,2022-11-09
IFRF,IA Clarington Loomis Floating Rate Income Fund,Fixed Income,0.7,1335250,,1749,2019-11-04
IGAF,IA Clarington Loomis Global Allocation Fund,Asset Allocation,0.85,39096000,,4045,2019-11-04
IGB,Purpose Global Bond Class,Fixed Income,0.5,352692250,,79462,2013-12-18
IGB.U,Purpose Global Bond Class,Fixed Income,-,-,,-,2023-04-14
IGCF,PIMCO Investment Grade Credit Fund (Canada),Fixed Income,0.75,13889000,,1516,2017-09-29
IGEO,IA Clarington Loomis Global Equity Opportunities Fund,Equity,0.8,6059900,,605,2023-10-31
IGET,Invesco Morningstar Global Energy Transition Index ETF,Equity,0.35,1048500,,1045,2023-07-27
IGET.F,Invesco Morningstar Global Energy Transition Index ETF,Equity,0.35,1032499.9999999999,,46,2023-07-27
IIAE,Invesco S&P International Developed Dividend Aristocrats ESG Index ETF,Equity,0.35,1455000,,291,2023-02-23
IIAE.F,Invesco S&P International Developed Dividend Aristocrats ESG Index ETF,Equity,0.35,13194000,,34,2023-02-23
IICE,Invesco S&P International Developed ESG Index ETF,Equity,0.25,16204500,,4144,2022-01-20
IICE.F,Invesco S&P International Developed ESG Index ETF,Equity,0.25,4213500,,180,2022-01-20
IIMF,Invesco International Developed Dynamic-Multifactor Index ETF,Equity,0.39,79759750,,9162,2023-07-27
IIMF.F,Invesco International Developed Dynamic-Multifactor Index ETF,Equity,0.39,14110000,,348,2023-07-27
ILGB,IA Clarington Loomis Global Multisector Bond Fund,Fixed Income,0.7,19032679.88,,7298,2021-08-27
INAI,Invesco Morningstar Global Next Gen AI Index ETF,Equity,0.35,25380000,,4483,2024-01-18
INAI.F,Invesco Morningstar Global Next Gen AI Index ETF,Equity,0.35,19178250,,2001,2024-01-18
INCM,Accelerate Diversified Credit Income Fund,Equity,0.75,58742000,,20749,2024-05-15
INCM.B,Accelerate Diversified Credit Income Fund,Equity,0.75,28497000,,49102,2025-03-21
INCM.U,Accelerate Diversified Credit Income Fund,Equity,0.75,43194000,,5334,2024-05-15
INFR,Ninepoint Global Infrastructure Fund,Equity,1,3379200,,675,2025-07-16
INGS,ING CDR (CAD Hedged),-,-,12852000.000000002,,909,-
INOC,Global X Inovestor Canadian Equity Index ETF,Equity,0.5,34018566.53,,2395,2017-11-13
INTY,Evolve International Equity UltraYield ETF,Equity,-,20745000,,30284,2026-01-14
IQD,CI International Quality Dividend Growth Index ETF,Equity,0.48,148939738.58,,23524,2016-07-12
IQD.B,CI International Quality Dividend Growth Index ETF,Equity,0.48,198450200.00000003,,18614,2016-07-12
ISCB,IA Clarington Strategic Corporate Bond Fund,Fixed Income,0.7,5395000,,2311,2023-10-31
ISIF,IA Clarington Strategic Income Fund,Asset Allocation,0.7,2324000,,114,2019-11-04
IUAE,Invesco S&P US Dividend Aristocrats ESG Index ETF,Equity,0.3,1253500,,216,2023-02-23
IUAE.F,Invesco S&P US Dividend Aristocrats ESG Index ETF,Equity,0.3,18555000,,287,2023-02-23
IUFR.U,Invesco US Treasury Floating Rate Note Index ETF (USD),Fixed Income,0.12,7281370.000000001,,7975,2024-01-18
IUMF,Invesco Russell 1000 Dynamic-Multifactor Index ETF,Equity,0.34,107902900,,5049,2023-07-27
IUMF.F,Invesco Russell 1000 Dynamic-Multifactor Index ETF,Equity,0.34,13664800,,2188,2023-07-27
IWBE,Invesco ESG Global Bond ETF,Fixed Income,0.45,27871200,,2767,2022-01-20
IWEB,IA Wealth Enhanced Bond Pool,Fixed Income,0.4,1492400,,114,2023-10-31
JAPN,CI Japan Equity Index ETF,Equity,0.48,40478200,,8954,2018-08-01
JAPN.B,CI Japan Equity Index ETF,Equity,0.48,698325600,,78712,2018-08-01
JAVA,JPMorgan US Value Active ETF,Equity,0.44,25905750,,13162,2025-03-19
JBND,JPMorgan US Bond Active ETF,Fixed Income,0.25,230918999.99999997,,87891,2025-09-24
JCOR,JPMorgan US Core Active ETF,Equity,0.44,59895000,,10623,2025-06-11
JEPI,JPMorgan US Equity Premium Income Active ETF,Equity,0.35,312228000,,185395,2024-09-27
JEPQ,JPMorgan Nasdaq Equity Premium Income Active ETF,Equity,0.35,155610000,,142581,2024-09-27
JGLO,JPMorgan Global Select Equity Active ETF,Equity,0.43,46506000,,5116,2025-07-23
JGRO,JPMorgan US Growth Active ETF,Equity,0.44,26773500,,7111,2025-03-19
JIDE,JPMorgan International Developed Equity Active ETF,Equity,0.55,17811000,,5768,2026-01-21
JNJY,Harvest JnJ Enhanced High Income Shares ETF,Single Stock ETF,0.4,1998000,,463,2026-01-15
JPHE,Harvest JPHE Enhanced High Income Shares ETF,Single Stock ETF,0.4,1809500,,6840,2026-01-15
JPST,JPMorgan US Ultra-Short Income Active ETF,Fixed Income,0.18,24830000,,4705,2025-09-24
KILO,Purpose Gold Bullion Fund,Commodity,0.2,584743563.14,,155535,2018-10-15
KILO.B,Purpose Gold Bullion Fund,Commodity,0.2,376682024.79999995,,60601,2018-10-31
KILO.U,Purpose Gold Bullion Fund,Commodity,0.2,33430500,,5609,2018-10-29
KNGC,Brompton Canadian Cash Flow Kings ETF,Equity,0.45,10056000.000000002,,6967,2024-05-30
KNGU,Brompton U.S. Cash Flow Kings ETF,Equity,0.45,12364000,,8085,2024-05-30
KNGX,Brompton International Cash Flow Kings ETF,Equity,0.55,9296000,,18788,2024-07-16
LBIT,Evolve Levered Bitcoin ETF,Cryptocurrency,-,3190500,,9545,2025-03-17
LBIT.U,Evolve Levered Bitcoin ETF,Cryptocurrency,-,455000,,99,2025-03-17
LEAD,Evolve Future Leadership Fund,Equity,0.75,12850500,,7488,2020-09-09
LEAD.B,Evolve Future Leadership Fund,Equity,0.75,3783500,,721,2020-09-09
LEAD.U,Evolve Future Leadership Fund,Equity,0.75,2598750,,974,2020-09-09
LETH,Evolve Levered Ether ETF,Cryptocurrency,-,1855000,,2027,2025-03-17
LETH.U,Evolve Levered Ether ETF,Cryptocurrency,-,582500,,187,2025-03-17
LIFE,Evolve Global Healthcare Enhanced Yield Fund,Equity,0.45,263683127.39999998,,81098,2017-10-25
LIFE.B,Evolve Global Healthcare Enhanced Yield Fund,Equity,0.45,32764360,,2144,2017-10-25
LIFE.U,Evolve Global Healthcare Enhanced Yield Fund,Equity,0.45,13284670.1,,2125,2019-11-27
LLHE,Harvest Eli Lilly Enhanced High Income Shares ETF,Single Stock ETF,0.4,169699500,,193359,2024-08-21
LLHE.U,Harvest Eli Lilly Enhanced High Income Shares ETF,Single Stock ETF,0.4,5129000,,3861,2024-08-21
LLYH,Harvest Eli Lilly High Income Shares ETF,Single Stock ETF,0.4,30145500,,12174,2024-08-21
LLYH.U,Harvest Eli Lilly High Income Shares ETF,Single Stock ETF,0.4,1664250,,1584,2024-08-21
LMAX,Hamilton Healthcare YIELD MAXIMIZER TM ETF,Equity,0.65,172535031.57999998,,82318,2024-02-06
LMT,Lockheed Martin CDR (CAD Hedged),-,-,33714000,,61526,-
LONG,CI Global Longevity Economy Fund,Equity,0.7,4026000,,2,2020-06-11
LORL,L'Oréal CDR (CAD Hedged),-,-,1293500,,107,-
LPAY,Global X Long-Term U.S. Treasury Premium Yield ETF,Fixed Income,0,18915706.8,,11166,2023-10-04
LPAY.U,Global X Long-Term U.S. Treasury Premium Yield ETF,Fixed Income,0.45,14142696.885,,7189,2023-10-04
LVMH,LVMH CDR (CAD Hedged),-,-,3000000,,2676,-
LYCT,Lysander-Canso Corporate Treasury ActivETF,Fixed Income,0.25,23864750,,7418,2022-08-26
LYFR,Lysander-Canso Floating Rate ActivETF,Fixed Income,0.35,5566000,,3884,2022-08-26
LYUV.U,Lysander-Canso U.S. Corporate Value Bond Fund,Fixed Income,0.75,4504500,,8188,2026-01-14
MAAA,Mackenzie AAA CLO ETF,Fixed Income,0.4,164986500,,15755,2025-05-01
MAGV,Mackenzie Global Value ETF,Equity,0.8,4722500,,10148,2026-02-17
MALX,Mackenzie GQE US Alpha Extension ETF,Equity,1.15,10098500,,13234,2025-08-19
MART,Global X Equal Weight Canadian Groceries & Staples Index ETF,Equity,0.25,12600000,,3300,2024-11-07
MAUG,Mackenzie US All Cap Growth ETF,Equity,0.8,4995000,,7697,2026-02-17
MAUV,Mackenzie US Value ETF,Equity,0.8,5045000,,7555,2026-02-17
MAYB.F,First Trust Vest U.S. Equity Buffer ETF - May,Equity,0.85,37065000,,3919,2020-05-21
MBAL,Mackenzie Balanced Allocation ETF,Asset Allocation,0.17,186714000,,38733,2020-09-29
MBQG,Mackenzie GQE Global Balanced ETF,Equity,0.7,977000,,1727,2026-02-17
MCAD,Premium Cash Management Fund,Cash/Currency,0,72565250,,67708,2023-05-26
MCAN,Manulife Canadian Equity Class,Equity,0.68,1147000,,4279,2025-05-21
MCLC,Manulife Multifactor Canadian Large Cap Index ETF,Equity,0.35,519162000,,42312,2017-04-17
MCLV,Mackenzie GQE Canada Low Volatility ETF,Equity,0,145960000,,28545,2024-06-06
MCON,Mackenzie Conservative Allocation ETF,Asset Allocation,0.17,32264999.999999996,,8281,2020-09-29
MCOR,Manulife Core Plus Bond Fund,Fixed Income,0.45,1268750,,37,2025-05-21
MCSB,Mackenzie Canadian Short Term Fixed Income ETF,Fixed Income,0.35,38863500,,14853,2017-11-22
MCSM,Manulife Multifactor Canadian SMID Cap Index ETF,Equity,0.5,400919999.99999994,,5107,2017-11-27
MCYC,Mackenzie Cyclical Tilt ETF,Equity,0.55,2160000,,1438,2025-09-03
MDEF,Mackenzie Defensive Tilt ETF,Equity,0.55,2051000.0000000002,,536,2025-09-03
MDIF,Manulife Dividend Income Fund,Equity,0.83,1130000,,123,2025-05-21
MDIV,Middlefield Global Dividend Growers ETF,Equity,1.31,55662588.64000001,,3154,2013-03-22
MEDX,Global X Equal Weight Global Healthcare Index ETF,Equity,0.4,2193500,,3390,2025-04-30
MEME.B,Manulife Multifactor Emerging Markets Index ETF,Equity,0.65,540969000,,42151,2018-12-11
MEQT,Mackenzie All-Equity Allocation ETF,Equity,0,24288000,,6227,2023-10-31
METE,Harvest Meta Enhanced High Income Shares ETF,Single Stock ETF,0.4,107250000,,65335,2025-01-16
MFT,Mackenzie Floating Rate Income ETF,Fixed Income,0.6,328440000,,96949,2016-04-19
MFUN,Manulife Fundamental Equity Fund,Equity,0.71,9768000,,2460,2025-05-21
MGAB,Mackenzie Global Fixed Income Allocation ETF,Asset Allocation,0.25,5037000,,431,2020-09-29
MGB,Mackenzie Core Plus Global Fixed Income ETF,Fixed Income,0.5,105204000,,33582,2016-04-19
MGDV,Mackenzie Global Dividend ETF,Equity,0.8,368424000,,47835,2024-06-06
MGEQ,Manulife Global Equity Class ETF,Equity,-,-,,239,-
MGQE,Mackenzie GQE Global Equity ETF,Equity,0.8,352780500,,162642,2024-09-10
MGRW,Mackenzie Growth Allocation ETF,Asset Allocation,0.17,64993500,,13666,2020-09-29
MHCD,Middlefield Healthcare Dividend ETF,Equity,0.85,146600812.58,,35062,2017-07-21
MHDC,Mackenzie Canadian High Dividend Yield ETF,Equity,0.55,4866000,,2856,2025-09-03
MHDU,Mackenzie US High Dividend Yield ETF,Equity,0.55,4324000,,3566,2025-09-03
MIDB,Evolve Enhanced Yield Mid Term Bond Fund,Fixed Income,0.45,12935531.18,,8533,2025-03-17
MIDB.B,Evolve Enhanced Yield Mid Term Bond Fund,Fixed Income,0.45,764829.58,,0,2025-03-17
MIDB.U,Evolve Enhanced Yield Mid Term Bond Fund,Fixed Income,0.45,469750,,3,2025-03-17
MINF,Middlefield Global Infrastructure Dividend ETF,Equity,1.94,21885864.779999997,,1365,2020-03-25
MINT,Manulife Multifactor Developed International Index ETF,Equity,0.45,44730000,,3171,2017-04-17
MINT.B,Manulife Multifactor Developed International Index ETF,Equity,0.4,194339250,,19570,2017-04-17
MIQE,Mackenzie GQE International Equity ETF,Equity,0.8,1193715250,,647077,2024-09-10
MIVG,Mackenzie Ivy Global Equity ETF,Equity,0.75,26011999.999999996,,882,2017-11-22
MIX,Hamilton Enhanced Mixed Asset ETF,Equity,0,21469048.85,,12495,2025-04-25
MKB,Mackenzie Canadian Strategic Fixed Income ETF,Fixed Income,0.4,919133500.0000001,,167914,2016-04-19
MNS,Royal Canadian Mint - Canadian Silver Reserves Exchange-Traded Receipts,-,-,277395488.40000004,,49897,2012-11-05
MNS.U,Royal Canadian Mint - Canadian Silver Reserves Exchange-Traded Receipts,-,-,201781453.4,,621,2012-11-05
MNT,Royal Canadian Mint - Canadian Gold Reserves Exchange-Traded Receipts,-,-,1337454025.38,,95917,2011-11-29
MNT.U,Royal Canadian Mint - Canadian Gold Reserves Exchange-Traded Receipts,-,-,973562194,,3857,2011-11-29
MNU.U,Purpose USD Cash Management Fund,Cash/Currency,0.25,197796250,,42863,2023-04-14
MNXT,Mackenzie Bluewater Next Gen Growth ETF,Equity,0.8,11715000,,3037,2024-09-10
MNY,Purpose Cash Management Fund,Cash/Currency,0.25,1741740000,,325917,2020-03-06
MOAT,Moat Active Premium Yield ETF,Equity,-,3528000.0000000005,,3634,-
MORE,Mackenzie Core Resources ETF,Equity,0.75,68468500,,26192,2024-09-10
MPAY,Global X Mid-Term U.S. Treasury Premium Yield ETF,Fixed Income,0,122389665.86999999,,19817,2023-10-04
MPAY.U,Global X Mid-Term U.S. Treasury Premium Yield ETF,Fixed Income,0.4,90229242.83999999,,1427,2023-10-04
MPY,Mulvihill Premium Yield Fund,Equity,1,17011500,,2895,2022-11-01
MREL,Middlefield Real Estate Dividend ETF,Equity,0.99,152371645.5,,44045,2011-04-20
MSBP,Middlefield Short Duration Bond Plus ETF,Fixed Income,0.5,46203750,,159581,2026-02-03
MSFH,Harvest Microsoft High Income Shares ETF,Single Stock ETF,0.4,32199999.999999996,,82640,2024-08-21
MSFH.U,Harvest Microsoft High Income Shares ETF,Single Stock ETF,0.4,4585000,,2846,2024-08-21
MSFU,SavvyLong (2X) MSFT ETF,Single Stock ETF,1.55,7877500,,74646,2025-06-03
MSHE,Harvest Microsoft Enhanced High Income Shares ETF,Single Stock ETF,0.4,104328000,,128766,2024-08-21
MSHE.U,Harvest Microsoft Enhanced High Income Shares ETF,Single Stock ETF,0.4,2580000,,5077,2024-08-21
MSI,iShares S&P/TSX Capped Materials Index,-,-,-,,-,-
MSTE,Harvest Strategy Inc. Enhanced High Income Shares ETF,Single Stock ETF,0.4,324583000,,2474528,2025-03-05
MSTU,LFG Daily (2X) MSTR Long ETF,Single Stock ETF,1.55,6583937.5,,107476,2025-06-30
MSTY,Harvest Strategy Inc. High Income Shares ETF,Single Stock ETF,0.4,54990125,,276163,2025-01-16
MSTZ,SavvyShort (-2X) MSTR ETF,Single Stock ETF,1.55,850042.5,,36993,2026-02-02
MTBA,Mackenzie Target 2027 North American IG Corporate Bond ETF,Fixed Income,0.2,5035000,,390,2025-05-01
MTBB,Mackenzie Target 2029 North American IG Corporate Bond ETF,Fixed Income,0.2,5072500,,0,2025-05-01
MTRX,Global X Artificial Intelligence Infrastructure Index ETF,Equity,0.49,31682750,,18968,2025-02-20
MUB,Mackenzie Unconstrained Bond ETF,Fixed Income,0.5,1164352000,,240851,2016-04-19
MUL,Mackenzie US Low Volatility ETF,-,-,-,,-,-
MULC,Manulife Multifactor U.S. Large Cap Index ETF,Equity,0.37,11600000,,700,2017-04-17
MULC.B,Manulife Multifactor U.S. Large Cap Index ETF,Equity,0.32,175536000,,28713,2017-04-17
MULV,Mackenzie GQE US Low Volatility ETF,Equity,0.45,55224000.00000001,,6821,2024-06-06
MUMC,Manulife Multifactor U.S. Mid Cap Index ETF,Equity,0.5,12167500,,2116,2017-04-17
MUMC.B,Manulife Multifactor U.S. Mid Cap Index ETF,Equity,0.45,63882500,,3457,2017-04-17
MUSA,Middlefield U.S. Equity Dividend ETF,Equity,2.19,44575183.86,,1569,2013-12-19
MUSC,Manulife Multifactor U.S. Small Cap Index ETF,Equity,0.5,3740000,,954,2017-11-27
MUSC.B,Manulife Multifactor U.S. Small Cap Index ETF,Equity,0.45,2318000,,17,2017-11-27
MUSD.U,US Premium Cash Management Fund,Cash/Currency,0.2,10001000,,1370,2023-05-26
MWLV,Mackenzie GQE World Low Volatility ETF,Equity,0.5,394185411.27,,52929,2024-02-20
NALT,NBI Liquid Alternatives ETF,Alternative,0.6,208808000,,33408,2019-02-08
NBAL,Ninepoint Balanced+ Fund,Asset Allocation,0.95,1132500,,232,2025-07-24
NBCU,SavvyLong 2X NBC (NA) Equity-Linked ETF,Single Stock ETF,1.25,3453750,,470,2025-10-20
NBGE,NBI Global Equity Fund,Equity,0.75,1542000,,4039,2025-09-16
NBGE.F,NBI Global Equity Fund,Equity,0.75,1044000,,453,2025-09-16
NBIE,NBI International Equity Fund,Equity,0.75,1072000,,276,2025-09-16
NBIE.F,NBI International Equity Fund,Equity,0.75,1066000,,67,2025-09-16
NBQC,NBI Quebec Growth Fund,Equity,0.75,981000,,1237,2025-09-16
NBSC,NBI Global Small Cap Fund,Equity,0.9,936000,,205,2025-09-16
NBSC.F,NBI Global Small Cap Fund,Equity,0.9,1000000,,20,2025-09-16
NBUE,NBI U.S. Equity Fund,Equity,0.65,1586100,,2678,2025-09-16
NBUE.F,NBI U.S. Equity Fund,Equity,0.65,967000,,820,2025-09-16
NCAP,Ninepoint Capital Appreciation Fund ETF,Single Stock ETF,-,-,,-,-
NCPB,NBI Canadian Core Plus Bond Fund,Fixed Income,0.45,63493800,,12697,2025-09-16
NDIV,NBI Canadian Dividend Income ETF,Equity,0.55,18841600,,327,2021-02-11
NFLY,Harvest Netflix Enhanced High Income Shares ETF,Single Stock ETF,0.4,81093750,,65276,2025-03-05
NGDN,SavvyShort Geared Natural Gas ETF,Leverage/Inverse,-,-,,-,-
NGPE,NBI Global Private Equity ETF,Equity,0.55,380420000,,3131,2020-03-04
NGUP,SavvyLong Geared Natural Gas ETF,Leverage/Inverse,-,-,,-,-
NHYB,NBI High Yield Bond ETF,Fixed Income,0.6,1415287000,,69262,2020-03-04
NINT,NBI Active International Equity ETF,Equity,0.6,767600800,,26547,2021-02-11
NINV,NBI Innovators Fund,Equity,0.75,955000.0000000001,,156,2025-09-16
NINV.F,NBI Innovators Fund,Equity,0.75,1014000,,24,2025-09-16
NMNG,Ninepoint Mining Evolution Fund,Equity,1,10481400,,37408,2025-10-08
NOVB.F,First Trust Vest U.S. Equity Buffer ETF - November,Equity,0.85,43470000,,3671,2020-02-04
NOVO,Novo Nordisk CDR (CAD Hedged),-,-,17754000,,29019,-
NOVY,Harvest Novo Enhanced High Income Shares ETF,Single Stock ETF,0.4,2956500,,23534,2026-01-15
NPRF,NBI Active Canadian Preferred Shares ETF,Preferred Share,0.5,162443000,,10759,2019-02-08
NREA,NBI Global Real Assets Income Fund,Equity,0.8,1749947100,,27165,2019-08-08
NRGD,BetaPro S&P/TSX Capped Energy -2x Daily Bear ETF,Leverage/Inverse,1.15,1943538.9600000002,,64279,2007-06-18
NRGU,BetaPro S&P/TSX Capped Energy 2x Daily Bull ETF,Leverage/Inverse,1.15,45269028.199999996,,185727,2007-06-18
NRGY,Global X Equal Weight Canadian Oil & Gas Index ETF,Equity,0.4,329408946.5,,77554,2024-11-07
NSCB,NBI Sustainable Canadian Bond ETF,Fixed Income,0.55,2863681000,,67820,2020-03-04
NSCC,NBI Sustainable Canadian Corporate Bond ETF,Fixed Income,0.55,154007000,,12261,2021-02-11
NSCE,NBI Sustainable Canadian Equity ETF,Equity,0.6,2143479000,,45339,2020-03-04
NSDI,NBI SmartData International Equity Fund,Equity,0.7,156601200,,352554,2025-09-16
NSDI.F,NBI SmartData International Equity Fund,Equity,0.7,1100000,,547,2025-09-16
NSDU,NBI SmartData U.S. Equity Fund,Equity,0.7,1982000,,3488,2025-09-16
NSDU.F,NBI SmartData U.S. Equity Fund,Equity,0.7,1043000,,0,2025-09-16
NSGE,NBI Sustainable Global Equity ETF,Equity,0.65,78780000,,184025,2020-03-04
NSSB,NBI Sustainable Canadian Short Term Bond ETF,Fixed Income,0.25,47012000,,9448,2022-05-20
NSTL,Nestlé CDR (CAD Hedged),-,-,2416000,,312,-
NTGA,NBI Target 2026 Investment Grade Bond Fund,Fixed Income,0.15,4056000,,2115,2025-05-14
NTGB,NBI Target 2027 Investment Grade Bond Fund,Fixed Income,0.15,3352800,,622,2025-05-14
NTGC,NBI Target 2028 Investment Grade Bond Fund,Fixed Income,0.15,3155800,,420,2025-05-14
NTGD,NBI Target 2029 Investment Grade Bond Fund,Fixed Income,0.15,1003999.9999999999,,131,2025-09-16
NTGE,NBI Target 2030 Investment Grade Bond Fund,Fixed Income,0.15,5788400,,914,2025-09-16
NTGF,NBI Target 2031 Investment Grade Bond Fund,Fixed Income,0.15,3900000,,2937,2025-09-16
NUBF,NBI Unconstrained Fixed Income ETF,Fixed Income,0.75,2955271500,,123462,2019-10-18
NUSA,NBI Active U.S. Equity ETF,Equity,0.55,86555200,,12284,2021-02-11
NUSA.F,NBI Active U.S. Equity ETF,Equity,0.55,977000,,39,2025-09-16
NVDD,SavvyShort (-2X) NVDA ETF,Single Stock ETF,1.55,1696000,,21589,2025-08-12
NVDH,Harvest NVIDIA High Income Shares ETF,Single Stock ETF,0.4,32316250,,29396,2024-08-21
NVDH.U,Harvest NVIDIA High Income Shares ETF,Single Stock ETF,0.4,3765000,,4804,2024-08-21
NVDU,SavvyLong (2X) NVDA ETF,Single Stock ETF,1.55,14580000,,85599,2025-06-03
NVHE,Harvest NVIDIA Enhanced High Income Shares ETF,Single Stock ETF,0.4,197175000,,426294,2024-08-21
NVHE.U,Harvest NVIDIA Enhanced High Income Shares ETF,Single Stock ETF,0.4,6545000,,13992,2024-08-21
NXF,CI Energy Giants Covered Call ETF,Equity,0.65,131887139.40499999,,196586,2015-02-04
NXF.B,CI Energy Giants Covered Call ETF,Equity,0.65,32914775.599999998,,18103,2015-02-04
NXF.U,CI Energy Giants Covered Call ETF,Equity,0.65,3774000,,4858,2022-03-03
NXTG,First Trust Indxx NextG ETF,Equity,0.86,1242400,,407,2014-10-30
OILD,SavvyShort Geared Crude Oil ETF,Leverage/Inverse,1.15,2109000,,33305,2024-11-29
OILU,SavvyLong Geared Crude Oil ETF,Leverage/Inverse,1.25,14482000,,25298,2024-11-29
OILY,Evolve Canadian Energy Enhanced Yield Index Fund,Equity,0.6,22520000,,56291,2025-03-26
ONEB,CI North American Core Plus Bond ETF,Fixed Income,0.55,85767500,,2153,2018-10-09
ONEC,Accelerate OneChoice Alternative Multi-Asset Fund,Alternative,0.2,24590400,,4009,2021-01-27
ONEQ,CI Global Core Plus Equity ETF,Equity,0.85,51580000,,1109,2015-09-21
ORCY,Harvest Oracle Enhanced High Income Shares ETF,Single Stock ETF,0.4,5967500,,38171,2026-01-15
PABF,Purpose Active Balanced Fund,Asset Allocation,0,237820000,,31535,2023-10-13
PACF,Purpose Active Conservative Fund,Asset Allocation,0,63499500,,9031,2023-10-13
PAGF,Purpose Active Growth Fund,Asset Allocation,0.2,191919000,,88872,2023-10-13
PAYF,Purpose Enhanced Premium Yield Fund,Alternative,0.75,50540000,,7712,2019-04-30
PAYL,Global X Long-Term Government Bond Premium Yield ETF,Fixed Income,0.5,1783320.94,,1005,2024-11-07
PAYM,Global X Mid-Term Government Bond Premium Yield ETF,Fixed Income,0.45,13875370,,2521,2024-11-07
PAYS,Global X Short-Term Government Bond Premium Yield ETF,Fixed Income,0.4,97945280.64999999,,54419,2024-05-22
PBAL,PIMCO Managed Balanced Portfolio,Asset Allocation,-,1955000,,2454,2026-01-26
PBD,Purpose Total Return Bond Fund,Fixed Income,0.45,13877184.089999998,,1534,2013-09-04
PBI,Purpose Best Ideas Fund,Equity,0.65,9879697.52,,1165,2014-04-29
PBI.B,Purpose Best Ideas Fund,Equity,0.65,3624572.7,,49,2014-04-29
PCON,PIMCO Managed Conservative Bond Pool,Fixed Income,0.59,20378000,,4224,2020-02-14
PCOR,PIMCO Managed Core Bond Pool,Fixed Income,0.59,362890500,,124463,2020-02-14
PDC,Invesco Canadian Dividend Index ETF,Equity,0.5,945960049.9999999,,45594,2011-06-16
PDF,Purpose Core Dividend Fund,Equity,0.55,218419179.89000002,,7970,2013-09-03
PDIV,Purpose Enhanced Dividend Fund,Equity,0.65,86715658,,58271,2013-02-20
PFAA,PICTON Multi-Strategy Alpha Alternative Fund,Alternative,0.95,348554000,,106524,2022-05-06
PFAE,PICTON Long Short Equity (130/30) Alternative Fund,Alternative,0.95,33749250,,29326,2019-07-12
PFCB,PICTON Core Bond Fund,Alternative,0.65,79044500,,43046,2022-11-09
PFCO,PICTON Credit Opportunities Alternative Fund,Alternative,1.24,43940800,,38585,2021-07-09
PFIA,PICTON  Long Short Income  Alternative Fund,Alternative,0.95,453603500,,277047,2019-07-12
PFIG,PICTON Investment Grade Alternative Fund,Alternative,0.95,1747800.0000000002,,912,2024-11-11
PFIN,PICTON Income Fund,Alternative,0.9,77874300,,160367,2025-09-05
PFL,Invesco Canadian Government Floating Rate Index ETF,Fixed Income,0.12,250189500,,107253,2014-07-21
PFLS,PICTON Long Short Equity Alternative Fund,Alternative,2.89,128620800,,45455,2020-07-07
PFMN,PICTON Market Neutral Equity Alternative Fund,Alternative,0.95,586385280,,195844,2019-07-12
PFMS,PICTON Multi-Strategy Alternative Fund,Alternative,0.95,11275200,,13086,2019-07-12
PFSS,Picton Credit Opportunities Alternative ETF,Alternative,-,-,,-,-
PHE,Purpose Tactical Hedged Equity Fund,Alternative,0.8,6442398.899999999,,2947,2013-09-03
PHE.B,Purpose Tactical Hedged Equity Fund,Alternative,0.8,24250580,,4060,2014-04-29
PHR,Purpose Real Estate Income Fund,Equity,0.65,6626750,,115,2014-04-29
PHW,Purpose International Enhanced Equity Income Fund,Alternative,0.8,1403915.4,,8714,2015-04-22
PID,Purpose International Dividend Fund,Equity,0.67,159285000,,23159,2015-04-21
PIN,Purpose Monthly Income Fund,Asset Allocation,0.55,8356407.5600000005,,2150,2013-09-06
PINC,Purpose Multi-Asset Income Fund,Asset Allocation,0.85,61293025.699999996,,2077,2018-04-05
PINV,Purpose Global Innovators Fund,Equity,1,1255500,,194,2018-03-05
PLDI,PIMCO Low Duration Monthly Income Fund (Canada),Fixed Income,0.75,52164000,,29546,2019-02-08
PLTE,Harvest Palantir Enhanced High Income Shares ETF,Single Stock ETF,0.4,161048000,,224921,2025-01-16
PMIF,PIMCO Monthly Income Fund (Canada),Fixed Income,0.75,4450272000,,1220820,2017-09-29
PMIF.U,PIMCO Monthly Income Fund (Canada),Fixed Income,0.75,159309500,,41513,2018-09-28
PMM,Purpose Multi-Strategy Market Neutral Fund,Alternative,0.95,45560000,,3430,2014-10-14
PMNT,PIMCO Global Short Maturity Fund (Canada),Fixed Income,0.35,34650500,,14898,2019-02-01
PPLN,Global X Equal Weight Canadian Pipelines Index ETF,Equity,0.25,100496947.39999999,,261086,2014-07-14
PR,Lysander-Slater Preferred Share ActivETF,Preferred Share,0.65,91091489.5,,30990,2015-08-10
PRA,Purpose Diversified Real Asset Fund,Asset Allocation,0.6,160731592.98,,30655,2013-09-05
PREF,Quadravest Preferred Split Share ETF,Preferred Share,0.5,44815200,,21904,2024-06-07
PRP,Purpose Conservative Income Fund,Equity,0.73,993500,,55,2016-10-26
PSA,Purpose High Interest Savings Fund,Cash/Currency,0.15,3039930000,,965105,2013-10-15
PSB,Invesco 1-5 Year Laddered Investment Grade Corporate Bond Index ETF,Fixed Income,0.25,651112665,,339558,2011-06-15
PSU,Purpose US Cash Fund ETF Unit,-,0.19,-,,-,2016-02-23
PSU.U,Purpose US Cash Fund,Cash/Currency,0.19,751976275,,221100,2016-02-23
PXC,Invesco RAFI Canadian Index ETF,Equity,0.45,229973717.6,,11099,2012-01-26
PXS,Invesco RAFI U.S. Index ETF II,Equity,0.44,44348400,,2972,2015-04-14
PXS.U,Invesco RAFI U.S. Index ETF II,Equity,0.44,1937189.9999999998,,100,2015-04-14
PXU.F,Invesco RAFI U.S. Index ETF,Equity,0.44,54198899.99999999,,3075,2012-01-26
PYF,Purpose Premium Yield Fund,Alternative,0.6,390698000,,134074,2016-01-19
PYF.B,Purpose Premium Yield Fund,Alternative,0.6,1923999.9999999998,,1266,2018-11-07
PYF.U,Purpose Premium Yield Fund,Alternative,0.6,9235000,,3394,2018-11-27
PZW,Invesco RAFI Global Small-Mid ETF,Equity,0.49,23720360,,16718,2015-05-06
PZW.F,Invesco RAFI Global Small-Mid ETF,Equity,0.49,8360000,,1589,2018-01-29
PZW.U,Invesco RAFI Global Small-Mid ETF,Equity,0.49,653600,,226,2015-05-06
QAH,Mackenzie US Large Cap Equity Index ETF (CAD-Hedged),Equity,0.06,946585700.0000001,,11712,2018-01-29
QASH,Mackenzie Canadian Ultra Short Bond Index ETF,Fixed Income,0.15,146262800,,48348,2023-10-31
QBB,Mackenzie Canadian Aggregate Bond Index ETF,Fixed Income,0.07,1342006400,,37029,2018-01-29
QBTL,AGF US Market Neutral Anti-Beta CAD-Hedged ETF,Alternative,0.55,425153000,,151267,2019-10-07
QCE,Mackenzie Canadian Large Cap Equity Index ETF,Equity,0.04,257611200,,8367,2018-01-24
QCLN,First Trust NASDAQ Clean Edge Green Energy ETF,Equity,0.77,4994400,,1181,2014-10-30
QCN,Mackenzie Canadian Equity Index ETF,Equity,0.04,4767966000,,149045,2018-01-24
QDX,Mackenzie International Equity Index ETF,Equity,0.17,1427382000,,54213,2018-01-24
QDXB,Mackenzie Developed ex-North America Aggregate Bond Index ETF (CAD-Hedged),Fixed Income,0.3,39343500,,1829,2020-09-24
QDXH,Mackenzie International Equity Index ETF (CAD-Hedged),Equity,0.17,35835800,,1066,2018-01-29
QEBH,Mackenzie Emerging Markets Bond Index ETF (CAD-Hedged),Fixed Income,0.45,309933000,,20419,2019-07-25
QEBL,Mackenzie Emerging Markets Local Currency Bond Index ETF,Fixed Income,0.45,166539000,,30163,2019-10-24
QEE,Mackenzie Emerging Markets Equity Index ETF,Equity,0.22,128592476.94999999,,7722,2022-02-08
QHY,Mackenzie US High Yield Bond Index ETF (CAD-Hedged),Fixed Income,0.4,169281000,,33733,2018-01-24
QINF,Mackenzie Global Infrastructure Index ETF,Equity,0.4,34278000,,2894,2020-09-30
QINF CN,Mackenzie Global Infrastructure Index ETF,-,-,-,,-,-
QLB,Mackenzie Canadian Government Long Bond Index ETF,Fixed Income,0,80966800,,2621,2023-10-31
QMAX,Hamilton Technology YIELD MAXIMIZER TM ETF,Equity,0.65,700210718.2399999,,251680,2023-09-08
QMAX.U,Hamilton Technology YIELD MAXIMIZER TM ETF,Equity,0.65,4549814.100000001,,5557,2025-08-29
QMVP,HAMILTON CHAMPIONS TM U.S. Technology Index ETF,Equity,0.19,226452560.64000002,,52748,2026-01-20
QQC,Invesco NASDAQ 100 Index ETF,Equity,0.2,1392347700,,297085,2021-05-27
QQC.F,Invesco NASDAQ 100 Index ETF,Equity,0.2,1251716400,,39103,2021-01-28
QQCC,Global X Nasdaq-100 Covered Call ETF,Equity,0.65,598220101.86,,148673,2011-09-13
QQCC.U,Global X Nasdaq-100 Covered Call ETF,Equity,0.65,440217656.5,,28216,2025-08-28
QQCE,Invesco ESG NASDAQ 100 Index ETF,Equity,0.2,788814000,,24377,2021-11-15
QQCE.F,Invesco ESG NASDAQ 100 Index ETF,Equity,0.2,7267500,,1908,2021-11-15
QQCI,Invesco NASDAQ 100 Income Advantage ETF,Equity,0.34,54463500,,17654,2024-08-15
QQCI.F,Invesco NASDAQ 100 Income Advantage ETF,Equity,0.34,959500.0000000001,,13,2025-11-06
QQCI.U,Invesco NASDAQ 100 Income Advantage ETF,Equity,0.34,981500,,465,2025-11-06
QQCL,Global X Enhanced Nasdaq-100 Covered Call ETF,Equity,0.85,304666662.41999996,,166940,2023-10-10
QQD,BetaPro NASDAQ-100 -2x Daily Bear ETF,Leverage/Inverse,1.15,65089356.97,,1863984,2008-06-17
QQD.U,BetaPro NASDAQ-100 -2x Daily Bear ETF,Leverage/Inverse,1.15,46386582.989999995,,820,2008-06-17
QQEQ,Invesco NASDAQ 100 Equal Weight Index ETF,Equity,0.25,13324500,,1136,2021-05-27
QQEQ.F,Invesco NASDAQ 100 Equal Weight Index ETF,Equity,0.25,2522000,,496,2021-05-17
QQI,BetaPro Nasdaq-100 Daily Inverse ETF,Leverage/Inverse,1.15,4965000,,6037,2025-09-17
QQJR,Invesco NASDAQ Next Gen 100 Index ETF,Equity,0.2,2064000,,123,2021-05-24
QQJR.F,Invesco NASDAQ Next Gen 100 Index ETF,Equity,0.2,210000,,19,2021-05-27
QQQD,MegaShort (-3X) NASDAQ-100® Daily Leveraged Alternative ETF,Leverage/Inverse,1.55,6475000,,118972,2025-05-23
QQQL,Global X Enhanced Nasdaq-100 Index ETF,Equity,0.49,6970000,,2084,2024-05-22
QQQQ,Mackenzie NASDAQ 100 Index ETF,Equity,0.25,18074000,,992,2025-08-19
QQQT,Evolve NASDAQ Technology Index Fund,Equity,0.25,98777000,,10554,2023-07-11
QQQT.B,Evolve NASDAQ Technology Index Fund,Equity,0.25,8245999.999999999,,1422,2023-07-11
QQQT.U,Evolve NASDAQ Technology Index Fund,Equity,0.25,5006250,,1029,2023-07-11
QQQU,MegaLong (3X) NASDAQ-100® Daily Leveraged Alternative ETF,Leverage/Inverse,1.55,8944000,,199568,2025-05-22
QQQX,Global X Nasdaq-100 Index ETF,Equity,0.15,664108829.3100001,,22261,2024-05-15
QQQX.U,Global X Nasdaq-100 Index ETF,Equity,0.15,486964741.46999997,,45311,2024-05-15
QQQY,Evolve NASDAQ Technology Enhanced Yield Index Fund,Equity,0.5,102880000,,36283,2023-10-03
QQQY.U,Evolve NASDAQ Technology Enhanced Yield Index Fund,Equity,0.5,936999.9999999999,,255,2025-10-06
QQU,BetaPro NASDAQ-100 2x Daily Bull ETF,Leverage/Inverse,1.15,387228803,,1356841,2008-06-17
QRET,Mackenzie Developed Markets Real Estate Index ETF,Equity,0.4,18061500,,987,2020-09-24
QSB,Mackenzie Canadian Short-Term Bond Index ETF,Fixed Income,0.08,61708600,,6532,2018-01-29
QTLT,Mackenzie US Government Long Bond Index ETF,Fixed Income,0,141048600,,675,2023-10-31
QUB,Mackenzie U.S. Aggregate Bond Index ETF (CAD-Hedged),Fixed Income,0.15,85775200,,4286,2020-09-24
QUIG,Mackenzie US Investment Grade Corporate Bond Index ETF (CAD-Hedged),Fixed Income,0.15,648766800,,9254,2018-01-29
QUU,Mackenzie US Large Cap Equity Index ETF,Equity,0.06,5162055000,,66554,2018-01-24
QXM,CI Morningstar National Bank Quebec Index ETF,Equity,0.5,87154409.03,,1960,2012-02-02
RAAA,Corton Enhanced Income Fund,Fixed Income,0.45,16130620,,2225,2024-09-18
RATE,Arrow EC Income Advantage Alternative Fund,Fixed Income,0.95,105630000,,31932,2021-06-15
RBCU,SavvyLong 2X RBC (RY) Equity-Linked ETF,Single Stock ETF,1.25,3972500,,1214,2025-10-20
RBND,Russell Investments Core Plus Fixed Income ETF,Fixed Income,0.35,1000000,,,2026-02-18
RBNK,RBC Canadian Bank Yield Index ETF,Equity,0.29,383662500,,236144,2017-10-19
RBO,RBC 1-5 Year Laddered Canadian Corporate Bond ETF,Fixed Income,0.25,192198000,,47135,2014-01-15
RBOT,Global X Robotics & AI Index ETF,Equity,0.45,63752700,,10157,2017-11-29
RBOT.U,Global X Robotics & AI Index ETF,Equity,0.45,46751980,,1335,2017-11-28
RCD,RBC Quant Canadian Dividend Leaders ETF,Equity,0.39,371479500,,54854,2014-01-15
RCDC,RBC Canadian Dividend Covered Call ETF,Equity,0.64,50111250,,15176,2023-01-17
RCTR,First Trust Bloomberg Nuclear Power ETF,Equity,0.15,968500,,429,2026-01-16
RDBH,RBC U.S. Discount Bond (CAD Hedged) ETF,Fixed Income,0.25,285102250,,39989,2023-05-18
RDDY,Harvest Reddit Enhanced High Income Shares ETF,Single Stock ETF,0.4,39715000,,126273,2025-10-01
REIT,Global X Equal Weight Canadian REITs Index ETF,Equity,0,2793839.4000000004,,2546,2025-04-30
RGBM,Return Stacked® Global Balanced & Macro ETF,Alternative,0.85,30074950,,2993,2025-02-03
RGBM.U,Return Stacked® Global Balanced & Macro ETF,Alternative,0.85,3329200,,468,2025-04-28
RGIP.U,Purpose Canadian Preferred Share P2L T,-,-,-,,-,-
RGQO,RBC Target 2026 Canadian Government Bond ETF,Fixed Income,0.15,77108000,,21396,2023-05-10
RGQP,RBC Target 2027 Canadian Government Bond ETF,Fixed Income,0.15,95036000,,19640,2023-05-10
RGQQ,RBC Target 2028 Canadian Government Bond ETF,Fixed Income,0.15,79404000,,10079,2023-05-10
RGQR,RBC Target 2029 Canadian Government Bond ETF,Fixed Income,0.15,65779999.99999999,,7588,2023-05-10
RGQS,RBC Target 2030 Canadian Government Bond ETF,Fixed Income,0.15,96975000,,20870,2024-04-23
RGQT,RBC Target 2031 Canadian Government Bond ETF,Fixed Income,0.15,74662500,,43111,2025-04-02
RID,RBC Quant EAFE Dividend Leaders ETF,Equity,0.54,398529999.99999994,,84436,2014-01-15
RID.U,RBC Quant EAFE Dividend Leaders ETF,Equity,0.54,16518750,,11987,2014-01-15
RIDH,RBC Quant EAFE Dividend Leaders (CAD Hedged) ETF,Equity,0.49,116281000,,23398,2014-10-22
RIFI,Russell Investments Fixed Income Pool,Fixed Income,0.5,18070750,,4832,2020-01-22
RIGE,Russell Investments Global Equity Pool,Equity,0.95,1945500,,59,2024-08-09
RIIN,Russell Investments Global Infrastructure Pool,Equity,0.95,66387500,,18316,2020-01-22
RING,Global X Equal Weight Canadian Telecommunications Index ETF,Equity,0.25,463327609.42999995,,1346668,2024-11-07
RIRA,Russell Investments Real Assets,Asset Allocation,0.9,5640250,,7442,2020-01-22
RIT,CI Canadian REIT ETF,Equity,0.75,413627470.56000006,,59520,2004-11-15
RKLC,Rocklinc Principled Equity ETF,Equity,0.8,40006400,,2916,2025-11-13
RLB,RBC 1-5 Year Laddered Canadian Bond ETF,Fixed Income,0.22,174468000,,28677,2016-01-25
RMAX,Hamilton REITs YIELD MAXIMIZER TM ETF,Fixed Income,0.65,133719362.4,,49672,2024-06-18
RNCC,Global X Equal Weight Canadian Telecommunications Covered Call ETF,Equity,0.39,13265704.219999999,,2992,2025-04-30
RNCL,Global X Enhanced Equal Weight Canadian Telecommunications Covered Call ETF,Equity,0.65,3224299.65,,2251,2025-04-30
RPD,RBC Quant European Dividend Leaders ETF,Equity,0.49,104813500,,16325,2014-10-22
RPD.U,RBC Quant European Dividend Leaders ETF,Equity,0.49,6652500,,2913,2014-10-22
RPDH,RBC Quant European Dividend Leaders (CAD Hedged) ETF,Equity,0.49,23415750,,2522,2014-10-22
RPF,RBC Canadian Preferred Share ETF,Preferred Share,0.53,633449936,,63681,2016-09-20
RQCA,Russell Investments Multi-Factor Canadian Equity Pool,Equity,0.35,1003999.9999999999,,7,2026-02-18
RQIN,Russell Investments Multi-Factor International Equity Pool,Equity,0.35,1000000,,,2026-02-18
RQO,RBC Target 2026 Canadian Corporate Bond Index ETF,Fixed Income,0.2,634704000,,160538,2020-09-17
RQP,RBC Target 2027 Canadian Corporate Bond Index ETF,Fixed Income,0.2,830820000,,151491,2020-09-17
RQQ,RBC Target 2028 Canadian Corporate Bond Index ETF,Fixed Income,0.2,665760000,,79750,2022-10-20
RQR,RBC Target 2029 Canadian Corporate Bond Index ETF,Fixed Income,0.2,483115500,,61844,2022-10-20
RQS,RBC Target 2030 Canadian Corporate Bond Index ETF,Fixed Income,0.2,350468000,,74347,2024-04-23
RQT,RBC Target 2031 Canadian Corporate Bond ETF,Fixed Income,0.2,306918000,,75327,2025-04-02
RQUS,Russell Investments Multi-Factor US Equity Pool,Equity,0.35,1000000,,,2026-02-18
RUD,RBC Quant U.S. Dividend Leaders ETF,Equity,0.39,787440000,,97536,2014-01-15
RUD.U,RBC Quant U.S. Dividend Leaders ETF,Equity,0.39,50847000,,4586,2014-01-15
RUDB,RBC U.S. Discount Bond ETF,Fixed Income,0.25,369189000,,18014,2023-05-18
RUDB.U,RBC U.S. Discount Bond ETF,Fixed Income,0.25,46566000,,14170,2023-05-18
RUDC,RBC U.S. Dividend Covered Call ETF,Equity,0.64,24510000,,1417,2023-01-17
RUDC.U,RBC U.S. Dividend Covered Call ETF,Equity,0.64,2490000,,326,2023-04-21
RUDH,RBC Quant U.S. Dividend Leaders (CAD Hedged) ETF,Equity,0.39,221616500,,76330,2014-10-22
RUQO,RBC Target 2026 U.S. Corporate Bond ETF,Fixed Income,0.2,17722500,,5105,2024-04-23
RUQO.U,RBC Target 2026 U.S. Corporate Bond ETF,Fixed Income,0.2,33660000,,26277,2024-04-23
RUQP,RBC Target 2027 U.S. Corporate Bond ETF,Fixed Income,0.2,14249250,,1968,2024-04-23
RUQP.U,RBC Target 2027 U.S. Corporate Bond ETF,Fixed Income,0.2,24752000,,10764,2024-04-23
RUQQ,RBC Target 2028 U.S. Corporate Bond ETF,Fixed Income,0.2,31560000,,6829,2024-04-23
RUQQ.U,RBC Target 2028 U.S. Corporate Bond ETF,Fixed Income,0.2,13510000,,3050,2024-04-23
RUQR,RBC Target 2029 U.S. Corporate Bond ETF,Fixed Income,0.2,21060000,,3595,2024-04-23
RUQR.U,RBC Target 2029 U.S. Corporate Bond ETF,Fixed Income,0.2,13606250,,3821,2024-04-23
RUQS,RBC Target 2030 U.S. Corporate Bond ETF,Fixed Income,0.2,24828500,,5323,2024-04-23
RUQS.U,RBC Target 2030 U.S. Corporate Bond ETF,Fixed Income,0.2,41949500,,9209,2024-04-23
RUQT,RBC Target 2031 U.S. Corporate Bond ETF,Fixed Income,0.2,3421250,,4714,2025-04-02
RUQT.U,RBC Target 2031 U.S. Corporate Bond ETF,Fixed Income,0.2,12325000,,13719,2025-04-02
RUSB,RBC Short Term U.S. Corporate Bond ETF,Equity,0.35,5320000,,552,2017-10-19
RUSB.U,RBC Short Term U.S. Corporate Bond ETF,Equity,0.35,241955000,,33150,2017-10-19
RUST,RBC Canadian Ultra Short Term Bond ETF,Fixed Income,0.2,52384500,,31757,2025-04-02
RYHE,Harvest Enhanced High Income RY-Linked Shares ETF,Single Stock ETF,0.4,3723499.9999999995,,5318,2025-08-21
RYHI,Ninepoint Royal Bank HighShares ETF,Single Stock ETF,0,9596100,,5274,2025-08-22
SAFE,Global X Equal Weight Canadian Insurance Index ETF,Equity,0.25,12697920.959999999,,97180,2024-11-07
SAPS,SAP CDR (CAD Hedged),-,-,3742500,,24792,-
SBLG,SLGI MFS Blended Research Low Vol Global Fund,Fixed Income,0.5,2016000,,1411,2026-02-01
SBLI,SLGI MFS Blended Research Low Vol International Fund,Fixed Income,0.5,1989000,,3556,2026-02-01
SBT,Purpose Silver Bullion Fund,Commodity,0.4,87328850,,43523,2016-05-10
SBT.B,Purpose Silver Bullion Fund,Commodity,0.4,104474524.8,,11451,2009-07-29
SBT.U,Purpose Silver Bullion Fund,Commodity,0.4,77273345.07,,2201,2016-04-11
SBUL,Ninepoint Silver Bullion Fund,Commodity,0.85,1320300,,872,2025-07-16
SCHN,Schneider Electric CDR (CAD Hedged),-,-,8704500,,9185,-
SCND,BetaPro -3x S&P/TSX 60 Daily Leveraged Bear Alternative ETF,Leverage/Inverse,0.65,3112500,,9737,2025-08-11
SHHI,Ninepoint Shopify HighShares ETF,Single Stock ETF,0,22797000,,65627,2025-08-22
SHLD,Global X Defence Tech Index ETF,Equity,0.49,269509000,,200829,2025-04-30
SHPD,SavvyShort (-2X) Shopify ETF,Single Stock ETF,1.25,2912000,,15669,2025-11-07
SHPE,Harvest Shopify Enhanced High Income Shares ETF,Single Stock ETF,0.4,15890000,,71475,2025-08-21
SHPU,SavvyLong (2X) Shopify ETF,Single Stock ETF,1.25,1912000,,134230,2025-10-20
SIXY,Evolve Big Six Canadian Banks UltraYield Index ETF,Equity,0.6,23193000,,85682,2025-12-01
SKYY,First Trust Cloud Computing ETF,Equity,0.77,2676000,,1381,2014-10-30
SLCA,Sun Life Core Advantage Credit Private Pool,Fixed Income,0.43,57066750.00000001,,26111,2025-09-21
SLGC,Sun Life MFS Global Core Plus Bond Fund,Fixed Income,0.43,2943000,,3262,2025-09-21
SLSC,Sun Life Crescent Specialty Credit Private Pool,Fixed Income,0.7,1961000,,3433,2025-09-21
SLVD,BetaPro Silver -2x Daily Bear ETF,Leverage/Inverse,1.15,22750554.279999997,,7208266,2008-01-15
SLVU,BetaPro Silver 2x Daily Bull ETF,Leverage/Inverse,1.15,256975301.20000002,,686601,2009-06-29
SMAX,Hamilton U.S. Equity YIELD MAXIMIZER TM ETF,Equity,0.65,955167477.5500001,,244913,2023-09-08
SMAX.U,Hamilton U.S. Equity YIELD MAXIMIZER TM ETF,Equity,0.65,7237032.36,,3763,2025-08-29
SMNS,Siemens CDR (CAD Hedged),-,-,10716000,,10368,-
SMVP,HAMILTON CHAMPIONS TM U.S. Dividend Index ETF,Equity,0,20044241.159999996,,9217,2025-01-24
SMVP.U,HAMILTON CHAMPIONS TM U.S. Dividend Index ETF,Equity,0,161009869.02,,26872,2025-06-13
SNY,Sanofi CDR (CAD Hedged),-,-,985500,,8948,-
SOFY,Harvest SoFi Enhanced High Income Shares ETF,Single Stock ETF,0.4,43770375,,112567,2025-10-01
SOLA,Evolve Solana ETF,Cryptocurrency,1,7829900,,36260,2025-04-15
SOLA.U,Evolve Solana ETF,Cryptocurrency,1,530700,,1186,2025-04-15
SOLL,Purpose Solana ETF,Cryptocurrency,0.39,22776250,,98732,2025-04-11
SOLL.B,Purpose Solana ETF,Cryptocurrency,0.39,4496250,,15276,2025-04-11
SOLL.U,Purpose Solana ETF,Cryptocurrency,0.39,1352000,,631,2025-04-11
SOLQ,3iQ Solana Staking ETF,Cryptocurrency,0,120428000,,227644,2025-04-16
SOLQ.U,3iQ Solana Staking ETF,Cryptocurrency,0,88170500,,20111,2025-04-16
SOLX,CI Galaxy Solana ETF,Cryptocurrency,0.35,960749.9999999999,,2147,2025-08-22
SOLX.B,CI Galaxy Solana ETF,Cryptocurrency,0.35,15592750,,133170,2025-04-16
SOLX.U,CI Galaxy Solana ETF,Cryptocurrency,0.35,5966250,,28410,2025-04-16
SOXD,MegaShort (-3X) US Semiconductors Daily Leveraged Alternative ETF,Leverage/Inverse,1.55,4561312.5,,101594,2025-05-22
SOXU,MegaLong (3X) US Semiconductors Daily Leveraged Alternative ETF,Leverage/Inverse,1.55,16489000,,28031,2025-05-22
SPAY,Global X Short-Term U.S. Treasury Premium Yield ETF,Fixed Income,0,151799042.10999998,,27569,2023-10-04
SPAY.U,Global X Short-Term U.S. Treasury Premium Yield ETF,Fixed Income,0.35,111541626.47,,4809,2023-10-04
SPFD,Mulvihill Enhanced Split Preferred Share ETF,Preferred Share,0.65,28754116.68,,18879,2024-12-06
SPLT,Brompton Split Corp. Preferred Share ETF,Preferred Share,0.5,616575465,,281741,2023-06-12
SPXD,BetaPro S&P 500 -2x Daily Bear ETF,Leverage/Inverse,1.15,54851361.845,,615335,2009-06-29
SPXI,BetaPro S&P 500 Daily Inverse ETF,Leverage/Inverse,1.15,25548550,,83170,2010-02-03
SPXU,BetaPro S&P 500 2x Daily Bull ETF,Leverage/Inverse,1.15,150065861.4,,673486,2008-06-17
SPYD,MegaShort (-3X) S&P 500® Daily Leveraged Alternative ETF,Leverage/Inverse,1.55,7060000,,29276,2025-05-23
SPYU,MegaLong (3X) S&P 500® Daily Leveraged Alternative ETF,Leverage/Inverse,1.55,12343500,,13363,2025-05-22
SQQQ,BetaPro -3x Nasdaq-100 Daily Leveraged Bear Alternative ETF,Leverage/Inverse,0.5,22768000,,777384,2025-06-16
SRSL,BetaPro -3x Russell 2000 Daily Leveraged Bear Alternative ETF,Leverage/Inverse,0.65,4245000,,4149,2025-09-17
SSPX,BetaPro -3x S&P 500 Daily Leveraged Bear Alternative ETF,Leverage/Inverse,0.5,4566000,,32689,2025-06-16
STPL,BMO Global Consumer Staples Hedged to CAD Index ETF,Equity,0.35,34467560,,15677,2017-04-02
SUHE,Harvest Suncor Enhanced High Income Shares ETF,Single Stock ETF,0.4,3150000,,6441,2025-08-21
SUHI,Ninepoint Suncor HighShares ETF,Single Stock ETF,0,11364500,,3492,2025-08-22
SVR,iShares Silver Bullion ETF,Commodity,0.6,637975000,,791028,2009-07-15
SVR.C,iShares Silver Bullion ETF,Commodity,0.6,172520000,,75295,2011-03-04
SWIN,HAMILTON CHAMPIONS TM Enhanced U.S. Dividend ETF,Equity,0.65,6606271.68,,3411,2025-01-27
SYLD,Purpose Strategic Yield Fund,Fixed Income,0.8,155273000,,46118,2018-03-05
TBAL,TD Balanced ETF Portfolio,Asset Allocation,0.15,277200000,,120857,2020-08-11
TBCF,TD Target 2026 Investment Grade Bond ETF,Fixed Income,0.2,144844800,,22778,2024-02-29
TBCG,TD Target 2027 Investment Grade Bond ETF,Fixed Income,0.2,226094000,,25394,2024-02-29
TBCH,TD Target 2028 Investment Grade Bond ETF,Fixed Income,0.2,68527600,,11392,2025-01-07
TBCI,TD Target 2029 Investment Grade Bond ETF,Fixed Income,0.2,29580000,,9667,2025-01-07
TBCJ,TD Target 2030 Investment Grade Bond ETF,Fixed Income,0.2,45267200,,26015,2025-01-07
TBIL,Harvest Canadian T-Bill ETF,Fixed Income,0,127576500,,190444,2024-01-16
TBNK,TD Canadian Bank Dividend Index ETF,Equity,0.25,277530000,,137828,2023-04-28
TBUF.U,TD Target 2026 U.S. Investment Grade Bond ETF,Fixed Income,0.2,25274200,,6216,2024-02-29
TBUG.U,TD Target 2027 U.S. Investment Grade Bond ETF,Fixed Income,0.2,48060800,,7672,2024-02-29
TCCA,Trading Central Quant Canada 50 Equity Index ETF,-,-,2512500,,10,-
TCEU,Trading Central Quant Europe 50 Equity Index ETF,-,-,2512500,,6,-
TCLB,TD Canadian Long Term Federal Bond ETF,Fixed Income,0.2,339270762.84000003,,11824,2019-11-19
TCLV,TD Q Canadian Low Volatility ETF,Equity,0.3,101764000,,23045,2020-05-26
TCND,BetaPro 3x S&P/TSX 60 Daily Leveraged Bull Alternative ETF,Leverage/Inverse,1.15,7387500,,9856,2025-08-11
TCON,TD Conservative ETF Portfolio,Asset Allocation,0.15,107005500,,49343,2020-08-11
TCSB,TD Select Short Term Corporate Bond Ladder ETF,Fixed Income,0.25,668056000,,236016,2018-11-08
TCSH,TD Cash Management ETF,Cash/Currency,0.15,833666400,,304766,2024-02-15
TCUS,Trading Central Quant U.S. 50 Equity Index ETF,-,-,2462500,,6,-
TCWW,Trading Central Quant Global 50 Equity Index ETF,-,-,2512500,,9,-
TDB,TD Canadian Aggregate Bond Index ETF,Fixed Income,0.07,3350523738.95,,925963,2016-03-22
TDHE,Harvest Enhanced High Income TD-Linked Shares ETF,Single Stock ETF,0.4,3323250,,4941,2025-08-21
TDHI,Ninepoint TD HighShares ETF,Single Stock ETF,0,9535300,,1026,2025-08-22
TDNA,TD North American Dividend Fund,Equity,0.8,37788000,,15456,2025-09-16
TDOC,TD Global Healthcare Leaders Index ETF,Equity,0.35,100329000,,26170,2021-04-07
TDOC.U,TD Global Healthcare Leaders Index ETF,Equity,0.35,2169000,,569,2022-03-29
TDU,SavvyLong 2X TDB (TD) Equity-Linked ETF,Single Stock ETF,1.25,1272500,,1991,2025-10-20
TEC,TD Global Technology Leaders Index ETF,Equity,0.35,3712664600,,345719,2019-05-07
TEC.U,TD Global Technology Leaders Index ETF,Equity,0.35,19874250,,3084,2022-03-29
TECH,Evolve FANGMA Index ETF,Equity,0.4,98113332.5,,205872,2021-05-06
TECH.B,Evolve FANGMA Index ETF,Equity,0.4,18408000,,7603,2021-05-06
TECH.U,Evolve FANGMA Index ETF,Equity,0.4,3899017,,5154,2021-05-06
TECI,TD Global Technology Innovators Index ETF,Equity,0.45,13416000,,9992,2021-11-23
TECX,TD Global Technology Leaders CAD Hedged Index ETF,Equity,0.35,11445000.000000002,,3365,2023-04-20
TEHE,Harvest TELUS Enhanced High Income Shares ETF,Single Stock ETF,0.4,6000750,,13106,2025-08-21
TEQT,TD All-Equity ETF Portfolio,Equity,0.15,56315400,,37666,2025-04-08
TERM,Manulife Smart Short-Term Bond ETF,Fixed Income,0.2,600320750,,507225,2020-11-25
TERP,TRU.X Exogenous Risk Pool,Equity,-,4911500,,4353,2025-11-04
TERP.U,TRU.X Exogenous Risk Pool,Equity,-,3590800,,1161,-
TGAF,Tralucent Global Alt (Long/Short) Equity Fund,Alternative,0,28285950,,3010,2023-10-11
TGED,TD Active Global Enhanced Dividend ETF,Equity,0.65,1448137000,,192208,2019-05-03
TGED.U,TD Active Global Enhanced Dividend ETF,Equity,0.65,64293999.99999999,,20285,2022-03-29
TGEX,TD Active Global Enhanced Dividend CAD Hedged ETF,-,0.65,-,,-,2023-02-23
TGFI,TD Active Global Income ETF,Fixed Income,0.55,345229500,,57866,2019-11-19
TGGR,TD Active Global Equity Growth ETF,Equity,0.65,41636000,,6854,2020-05-26
TGRE,TD Active Global Real Estate Equity ETF,Equity,0.65,92793061.35,,11003,2019-11-20
TGRO,TD Growth ETF Portfolio,Asset Allocation,0.15,329427000,,101541,2020-08-11
THE,TD International Equity CAD Hedged Index ETF,Equity,0.17,218647000,,66427,2016-03-22
THU,TD U.S. Equity CAD Hedged Index ETF,Equity,0.06,138816000,,10997,2016-03-22
TILV,TD Q International Low Volatility ETF,Equity,0.35,115140000,,54141,2019-05-07
TINF,TD Active Global Infrastructure Equity ETF,Equity,0.65,341899000,,91097,2020-05-26
TKN,Ninepoint Crypto and AI Leaders ETF,Equity,0.7,23880603.56,,4055,2021-01-27
TKN.U,Ninepoint Crypto and AI Leaders ETF,Equity,0.7,17367711.68,,1340,2021-01-27
TLF,Brompton Tech Leaders Income ETF,Equity,0.75,125012625.91,,8566,2011-05-20
TLF.U,Brompton Tech Leaders Income ETF,Equity,0.75,3203500,,900,2011-05-20
TLTX,Global X 20+ Year U.S. Treasury Bond Index ETF,Fixed Income,0.18,2417548.35,,296,2025-10-07
TLTX.F,Global X 20+ Year U.S. Treasury Bond Index ETF,Fixed Income,0.18,4852048.5200000005,,243,2025-10-07
TLTX.U,Global X 20+ Year U.S. Treasury Bond Index ETF,Fixed Income,0.18,42813798.93,,8441,2025-10-07
TLV,Invesco S&P/TSX Composite Low Volatility Index ETF,Equity,0.3,94046250,,2205,2020-10-06
TOKN,Global X Tokenization Ecosystem Index ETF,Equity,0.49,1858018.5799999998,,460,2026-01-21
TPE,TD International Equity Index ETF,Equity,0.17,4472521850.16,,613298,2016-03-22
TPRF,TD Active Preferred Share ETF,Preferred Share,0.45,415434625,,81960,2018-11-08
TPU,TD U.S. Equity Index ETF,Equity,0.06,4614757738.309999,,424255,2016-03-22
TPU.U,TD U.S. Equity Index ETF,Equity,0.06,46157922.84,,4419,2022-03-29
TQCD,TD Q Canadian Dividend ETF,Equity,0.35,2420175000,,740278,2019-11-20
TQGD,TD Q Global Dividend ETF,Equity,0.4,644028000,,227961,2019-11-20
TQGM,TD Q Global Multifactor ETF,Equity,0.4,895327250,,300421,2019-11-19
TQQQ,BetaPro 3x Nasdaq-100 Daily Leveraged Bull Alternative ETF,Leverage/Inverse,0.5,86796000,,1231803,2025-06-16
TQSM,TD Q U.S. Small-Mid-Cap Equity ETF,Equity,0.4,702999500,,221672,2019-11-20
TQSM.U,TD Q U.S. Small-Mid-Cap Equity ETF,Equity,0.4,5248000,,2052,2025-01-07
TRSL,BetaPro 3x Russell 2000 Daily Leveraged Bull Alternative ETF,Leverage/Inverse,0.65,3929999.9999999995,,7487,2025-09-17
TRVI,Harvest Travel & Leisure Income ETF,Equity,0.75,48360000,,1842,2023-04-04
TRVL,Harvest Travel & Leisure Index ETF,Equity,0.4,36564000,,2999,2021-01-07
TRVL.U,Harvest Travel & Leisure Index ETF,Equity,0.4,2211000,,130,2021-01-07
TSLD,SavvyShort (-2X) TSLA ETF,Single Stock ETF,1.55,1988000,,56396,2025-08-12
TSLU,SavvyLong (2X) TSLA ETF,Single Stock ETF,1.55,9832500,,61652,2025-06-03
TSLY,Harvest Tesla Enhanced High Income Shares ETF,Single Stock ETF,0.4,241960000,,494793,2025-01-16
TSPX,BetaPro 3x S&P 500 Daily Leveraged Bull Alternative ETF,Leverage/Inverse,0.5,8459500,,52744,2025-06-16
TSTX,Global X 1-3 Year U.S. Treasury Bond Index ETF,Fixed Income,0.15,2466549.33,,128,2025-10-07
TSTX.F,Global X 1-3 Year U.S. Treasury Bond Index ETF,Fixed Income,0.15,6195049.5600000005,,1710,2025-10-07
TSTX.U,Global X 1-3 Year U.S. Treasury Bond Index ETF,Fixed Income,0.15,36213799.95,,7618,2025-10-07
TTES,TotalEnergies CDR (CAD Hedged),-,-,1482500,,632,-
TTP,TD Canadian Equity Index ETF,Equity,0.04,5361781030.2,,631475,2016-03-22
TTTX,Global X Innovative Bluechip Top 10 Index ETF,Equity,0.49,5588000,,436,2024-05-15
TUED,TD Active U.S. Enhanced Dividend ETF,Equity,0.65,592228000,,63011,2020-05-26
TUED.U,TD Active U.S. Enhanced Dividend ETF,Equity,0.65,42930000,,3533,2022-03-29
TUEX,TD Active U.S. Enhanced Dividend CAD Hedged ETF,Equity,0.65,11640000,,2025,2023-04-20
TUHY,TD Active U.S. High Yield Bond ETF,Fixed Income,0.55,471334000,,78124,2019-11-19
TULB,TD U.S. Long Term Treasury Bond ETF,Fixed Income,0.2,179544125,,17541,2019-11-19
TULV,TD Q U.S. Low Volatility ETF,Equity,0.3,64708000,,11951,2020-05-26
TUSB,TD Select U.S. Short Term Corporate Bond Ladder ETF,Fixed Income,0.25,48823750,,18638,2018-11-08
TUSB.U,TD Select U.S. Short Term Corporate Bond Ladder ETF,Fixed Income,0.25,6054000,,2740,2018-11-08
TUSD.U,TD U.S. Cash Management ETF,Cash/Currency,0.15,90090000,,50890,2025-01-07
TXF,CI Tech Giants Covered Call ETF,Equity,0.65,710676003.79,,155768,2011-10-24
TXF.B,CI Tech Giants Covered Call ETF,Equity,0.65,77522500,,5330,2017-08-29
TXF.U,CI Tech Giants Covered Call ETF,Equity,0.65,14664000,,3961,2022-03-03
UBIL.U,Global X 0-3 Month U.S. T-Bill ETF,Cash/Currency,0.12,455087736.67499995,,161226,2023-04-13
UBNK,Global X Equal Weight U.S. Banks Index ETF,Equity,0.25,6350101.6,,2246,2025-04-30
UBSS,UBS CDR (CAD Hedged),-,-,1194000,,297,-
UCSH.U,Global X USD High Interest Savings ETF,Fixed Income,0.1,391538992.14,,410109,2024-01-17
UDA,Caldwell U.S. Dividend Advantage Fund,Equity,0.75,1632000,,423,2020-03-12
UDEF,Manulife Smart U.S. Defensive Equity ETF,Equity,0.33,2772500,,1798,2021-11-10
UDEF.B,Manulife Smart U.S. Defensive Equity ETF,Equity,0.28,3062500,,0,2021-11-10
UDEF.U,Manulife Smart U.S. Defensive Equity ETF,Equity,0.28,1562500,,0,2022-10-25
UDIV,Manulife Smart U.S. Dividend ETF,Equity,0.33,79951500,,16667,2020-11-25
UDIV.B,Manulife Smart U.S. Dividend ETF,Equity,0.28,161190000,,36414,2020-11-25
UDIV.U,Manulife Smart U.S. Dividend ETF,Equity,0.28,7546000,,399,2022-10-25
ULV.C,Invesco S&P 500 Low Volatility Index ETF,Equity,0.3,22588300,,2345,2017-01-31
ULV.F,Invesco S&P 500 Low Volatility Index ETF,Equity,0.3,84208000,,3773,2012-01-24
ULV.U,Invesco S&P 500 Low Volatility Index ETF,Equity,0.3,4473150,,882,2017-01-31
UMAX,Hamilton Utilities YIELD MAXIMIZER TM ETF,Equity,0.65,1197111520.5,,870801,2023-06-14
UMI,CI U.S. MidCap Dividend Index ETF,Equity,0.35,8563232.64,,386,2017-09-19
UMI.B,CI U.S. MidCap Dividend Index ETF,Equity,0.35,6772500,,86,2017-09-19
UMNY.U,CI U.S. Money Market ETF,Cash/Currency,0.14,20032000,,8026,2023-07-25
UMRT,Global X Equal Weight U.S. Groceries & Staples Index ETF,Equity,0.25,1707000.0000000002,,589,2025-04-30
UMVP,HAMILTON CHAMPIONS TM Utilities Index ETF,Equity,0.19,270383241.03,,13954,2026-01-20
USCC,Global X S&P 500 Covered Call ETF,Equity,0.39,513209750.59999996,,72913,2011-09-13
USCC.U,Global X S&P 500 Covered Call ETF,Equity,0.39,381541561.7,,12450,2011-09-13
USCL,Global X Enhanced S&P 500 Covered Call ETF,Equity,0.65,236621088,,153920,2023-07-05
USSL,Global X Enhanced S&P 500 Index ETF,Equity,0.35,7929000,,1347,2024-05-22
USSX,Global X S&P 500 Index ETF,Equity,0.08,726600000,,55419,2024-05-15
USSX.U,Global X S&P 500 Index ETF,Equity,0.08,533610000,,85884,2024-05-15
UTES,Evolve Canadian Utilities Enhanced Yield Index Fund,Equity,0.6,310728000,,488975,2024-09-04
UTIL,Global X Equal Weight Canadian Utilities Index ETF,Equity,0.25,35655175.6,,6272,2022-08-09
VA,Vanguard FTSE Developed Asia Pacific All Cap Index ETF,Equity,0.2,262309592,,101063,2014-06-30
VAB,Vanguard Canadian Aggregate Bond Index ETF,Fixed Income,0.08,6912212000,,895601,2011-11-30
VALT,CI Gold Bullion ETF,Commodity,0.155,238193200,,36346,2021-01-06
VALT.B,CI Gold Bullion ETF,Commodity,0.155,117579600.00000001,,11644,2021-03-17
VALT.U,CI Gold Bullion ETF,Commodity,0.155,233460500,,45640,2021-01-06
VBAL,Vanguard Balanced ETF Portfolio,Asset Allocation,0.17,4798250500,,554607,2018-01-25
VCB,Vanguard Canadian Corporate Bond Index ETF,Fixed Income,0.15,763186643.71,,379659,2017-01-31
VCE,Vanguard FTSE Canada Index ETF,Equity,0.05,3178534464,,183914,2011-11-30
VCIP,Vanguard Conservative Income ETF Portfolio,Asset Allocation,0.17,251796384,,48417,2019-01-29
VCN,Vanguard FTSE Canada All Cap Index ETF,Equity,0.05,14276830030.000002,,645126,2013-08-02
VCNS,Vanguard Conservative ETF Portfolio,Asset Allocation,0.17,809646147,,134059,2018-01-25
VDU,Vanguard FTSE Developed All Cap Ex U.S. Index ETF,Equity,0.2,737648494,,96047,2013-08-02
VDY,Vanguard FTSE Canadian High Dividend Yield Index ETF,Equity,0.2,6543108000,,762199,2012-11-02
VE,Vanguard FTSE Developed Europe All Cap Index ETF,Equity,0.2,599260988,,119067,2014-06-30
VEE,Vanguard FTSE Emerging Markets All Cap Index ETF,Equity,0.23,3577557881.25,,335648,2011-11-30
VEF,Vanguard FTSE Developed All Cap Ex U.S. Index ETF (CAD-hedged),Equity,0.2,1107539210,,64837,2011-11-30
VEQT,Vanguard All-Equity ETF Portfolio,Asset Allocation,0.17,11897048190,,1449805,2019-01-29
VFV,Vanguard S&P 500 Index ETF,Equity,0.08,27596248200.000004,,976081,2012-11-02
VGG,Vanguard U.S. Dividend Appreciation Index ETF,Equity,0.28,2250050115,,86022,2013-08-02
VGH,Vanguard U.S. Dividend Appreciation Index ETF (CAD-hedged),Equity,0.28,926868740,,36415,2013-08-02
VGRO,Vanguard Growth ETF Portfolio,Asset Allocation,0.17,8921470073,,684026,2018-01-25
VGV,Vanguard Canadian Government Bond Index ETF,Fixed Income,0.1,156981000,,41475,2017-01-31
VI,Vanguard FTSE Developed All Cap ex North America Index ETF (CAD-Hedged),Equity,0.2,763686000,,133300,2015-12-01
VIDY,Vanguard FTSE Developed ex North America High Dividend Yield Index ETF,Equity,0.28,1623214420,,533547,2018-08-21
VIU,Vanguard FTSE Developed All Cap ex North America Index ETF,Equity,0.2,8845635806,,1180675,2015-12-01
VLB,Vanguard Canadian Long-Term Bond Index ETF,Fixed Income,0.15,289589300,,65722,2017-01-31
VMO,Vanguard Global Momentum Factor ETF,Equity,0.35,351306000,,79094,2016-06-14
VOLX,BetaPro S&P 500 VIX Short-Term Futures ETF,Leverage/Inverse,0.85,26948929.28,,365861,2010-12-15
VRE,Vanguard FTSE Canadian Capped REIT Index ETF,Equity,0.35,271075000,,27398,2012-11-02
VRIF,Vanguard Retirement Income ETF Portfolio,Asset Allocation,0.29,333484000,,62519,2020-09-09
VSB,Vanguard Canadian Short-Term Bond Index ETF,Fixed Income,0.1,1603728000,,975922,2011-11-30
VSC,Vanguard Canadian Short-Term Corporate Bond Index ETF,Fixed Income,0.1,1413432000,,316031,2012-11-02
VSP,Vanguard S&P 500 Index ETF (CAD-hedged),Equity,0.08,5265655110,,222995,2012-11-02
VUN,Vanguard U.S. Total Market Index ETF,Equity,0.15,15035758650,,175622,2013-08-02
VUS,Vanguard U.S. Total Market Index ETF (CAD-hedged),Equity,0.15,1250572946.5,,69458,2011-11-30
VVL,Vanguard Global Value Factor ETF,Equity,0.35,676222700,,90469,2016-06-14
VVO,Vanguard Global Minimum Volatility ETF,Equity,0.35,38684000,,2914,2016-06-14
VVSG,Vanguard Canadian Ultra-Short Government Bond Index ETF,Fixed Income,0.1,137162875,,29210,2024-09-12
VXC,Vanguard FTSE Global All Cap ex Canada Index ETF,Equity,0.2,2953692560,,158356,2014-06-30
VXM,CI Morningstar International Value Index ETF,Equity,0.6,665449798.72,,189717,2014-11-13
VXM.B,CI Morningstar International Value Index ETF,Equity,0.6,493109390.04,,87511,2014-11-13
WAAV,WaveFront All-Weather Alternative Fund,Alternative,0.95,3249000,,2384,2025-01-01
WSRD,Wealthsimple Developed Markets ex North America Socially Responsible Index ETF,Equity,0.25,937200000,,50995,2020-06-16
WSRI,Wealthsimple North America Socially Responsible Index ETF,Equity,0.22,968918999.9999999,,32989,2020-06-16
WXM,CI Morningstar Canada Momentum Index ETF,Equity,0.6,1418980514.55,,259330,2012-02-13
XAD,iShares U.S. Aerospace & Defense Index ETF,Equity,0.39,173638000,,28631,2023-09-06
XAGG,iShares U.S. Aggregate Bond Index ETF,Fixed Income,0.2,48921950,,7375,2021-07-23
XAGG.U,iShares U.S. Aggregate Bond Index ETF,Fixed Income,0.18,19436850,,7225,2021-07-23
XAGH,iShares U.S. Aggregate Bond Index ETF (CAD-Hedged),Fixed Income,0.2,400879800,,43779,2021-07-23
XAW,iShares Core MSCI All Country World ex Canada Index ETF,Equity,0.2,3717217000,,376970,2015-02-10
XAW.U,iShares Core MSCI All Country World ex Canada Index ETF,Equity,0.2,16942500,,1622,2019-10-22
XBAL,iShares Core Balanced ETF Portfolio,Asset Allocation,0.17,2849715000,,386883,2007-06-21
XBB,iShares Core Canadian Universe Bond Index ETF,Fixed Income,0.1,9873810000,,1973305,2000-11-20
XBM,iShares S&P/TSX Global Base Metals Index ETF,Equity,0.61,515995000,,356395,2011-04-12
XCB,iShares Core Canadian Corporate Bond Index ETF,Fixed Income,0.24,3071068000,,789998,2006-11-06
XCBG,iShares ESG Advanced Canadian Corporate Bond Index ETF,Fixed Income,0.17,103152500,,7144,2021-07-23
XCBU,iShares U.S. IG Corporate Bond Index ETF,Fixed Income,0.3,5817900,,4747,2021-07-06
XCBU.U,iShares U.S. IG Corporate Bond Index ETF,Fixed Income,0.3,5128500,,1418,2021-07-06
XCD,iShares S&P Global Consumer Discretionary Index ETF (CAD-Hedged),Equity,0.65,53304500,,4143,2013-03-26
XCG,iShares Canadian Growth Index ETF,Equity,0.55,157097500,,14604,2006-11-06
XCH,iShares China Index ETF,Equity,0.86,187120000,,98587,2010-01-21
XCHP,iShares Semiconductor Index ETF,Equity,0,89849500,,37819,2023-09-06
XCLN,iShares Global Clean Energy Index ETF,Equity,0.35,18801000,,3048,2022-04-26
XCNS,iShares Core Conservative Balanced ETF Portfolio,Asset Allocation,0.17,355253000,,76523,2019-08-07
XCS,iShares S&P/TSX SmallCap Index ETF,Equity,0.59,244510000,,258311,2007-05-14
XCSR,iShares ESG Advanced MSCI Canada Index ETF,Equity,0.15,451439999.99999994,,27459,2020-04-15
XCV,iShares Canadian Value Index ETF,Equity,0.55,126040000,,10053,2006-11-06
XDG,iShares Core MSCI Global Quality Dividend Index ETF,Equity,0.22,644556000,,116336,2017-06-07
XDG.U,iShares Core MSCI Global Quality Dividend Index ETF,Equity,0.22,12540000,,2504,2019-10-22
XDGH,iShares Core MSCI Global Quality Dividend Index ETF (CAD-Hedged),Equity,0.22,151339500,,13879,2017-06-13
XDIV,iShares Core MSCI Canadian Quality Dividend Index ETF,Equity,0.11,4313762375,,721409,2017-06-07
XDNA,iShares Genomics Immunology and Healthcare Index ETF,Equity,0.39,6304500,,1241,2022-04-26
XDRV,iShares Global Electric and Autonomous Vehicles Index ETF,Equity,0.39,5627500,,140,2023-02-07
XDSR,iShares ESG Advanced MSCI EAFE Index ETF,Equity,0.28,297860750,,13423,2020-04-15
XDU,iShares Core MSCI US Quality Dividend Index ETF,Equity,0.16,261171000,,31139,2017-06-07
XDU.U,iShares Core MSCI US Quality Dividend Index ETF,Equity,0.15,20136000,,5104,2019-10-22
XDUH,iShares Core MSCI US Quality Dividend Index ETF (CAD-Hedged),Equity,0.16,91264250,,27086,2017-06-13
XDV,iShares Canadian Select Dividend Index ETF,Equity,0.55,2252704000,,164139,2005-12-19
XEB,iShares J.P. Morgan USD Emerging Markets Bond Index ETF (CAD-Hedged),Fixed Income,0.54,33625375,,27288,2011-04-12
XEC,iShares Core MSCI Emerging Markets IMI Index ETF,Equity,0.25,3554408000,,934506,2013-04-10
XEC.U,iShares Core MSCI Emerging Markets IMI Index ETF,Equity,0.25,7252500,,4586,2019-10-22
XEF,iShares Core MSCI EAFE IMI Index ETF,Equity,0.22,18466608000,,1899956,2013-04-10
XEF.U,iShares Core MSCI EAFE IMI Index ETF,Equity,0.21,96096000,,11955,2019-10-09
XEG,iShares S&P/TSX Capped Energy Index ETF,Equity,0.61,2081367000,,6623977,2001-03-19
XEH,iShares MSCI Europe IMI Index ETF (CAD-Hedged),Equity,0.28,272736000,,24790,2014-04-22
XEI,iShares S&P/TSX Composite High Dividend Index ETF,Equity,0.22,3427724000,,633066,2011-04-12
XEM,iShares MSCI Emerging Markets Index ETF,Equity,0.82,306306000,,119196,2009-06-18
XEMC,iShares MSCI Emerging Markets ex China Index ETF,Equity,0.3,83846000,,48387,2023-02-07
XEN,iShares Jantzi Social Index ETF,Equity,0.55,165099000,,6585,2007-05-14
XEQT,iShares Core Equity ETF Portfolio,Asset Allocation,0.17,14639012500,,2869966,2019-08-07
XESG,iShares ESG Aware MSCI Canada Index ETF,Equity,0.17,588082500,,38825,2019-03-18
XETM,iShares S&P/TSX Energy Transition Materials Index ETF,Equity,0.55,57889000,,49502,2023-09-06
XEU,iShares MSCI Europe IMI Index ETF,Equity,0.28,616690000,,82014,2014-04-15
XEXP,iShares Exponential Technologies Index ETF,Equity,0.39,33286000,,1201,2022-04-26
XFH,iShares Core MSCI EAFE IMI Index ETF (CAD-Hedged),Equity,0.22,2662812000,,291506,2015-02-10
XFLB,iShares Core Canadian 15+ Year Federal Bond Index ETF,Fixed Income,0.15,52284000,,3646,2023-02-07
XFLI,iShares Flexible Monthly Income ETF,Fixed Income,0.55,466253600,,30070,2024-09-23
XFLI.U,iShares Flexible Monthly Income ETF,Fixed Income,0.55,9103500,,1857,2024-09-23
XFLX,iShares Flexible Monthly Income ETF (CAD-Hedged),Fixed Income,0.55,355010050,,99380,2024-09-26
XFN,iShares S&P/TSX Capped Financials Index ETF,Equity,0.61,1947400000.0000002,,451288,2001-03-23
XFR,iShares Floating Rate Index ETF,Fixed Income,0.12,725448000,,251406,2011-12-06
XGB,iShares Core Canadian Government Bond Index ETF,Fixed Income,0.2,1994040000.0000002,,479147,2006-11-06
XGD,iShares S&P/TSX Global Gold Index ETF,Equity,0.61,4382190000,,1853874,2001-03-23
XGI,iShares S&P Global Industrials Index ETF(CAD-Hedged),Equity,0.65,150210000,,29303,2013-03-26
XGRO,iShares Core Growth ETF Portfolio,Asset Allocation,0.17,4253791500,,385066,2007-06-21
XHAK,iShares Cybersecurity and Tech Index ETF,Equity,0.39,20038500,,2659,2022-04-26
XHB,iShares Canadian HYBrid Corporate Bond Index ETF,Fixed Income,0.5,225184000,,43351,2010-09-22
XHC,iShares Global Healthcare Index ETF (CAD-Hedged),Equity,0.65,529555250,,46838,2011-04-12
XHD,iShares U.S. High Dividend Equity Index ETF (CAD-Hedged),Equity,0.33,221730000,,19657,2012-08-14
XHU,iShares U.S. High Dividend Equity Index ETF,Equity,0.34,175921000,,8241,2015-02-10
XHY,iShares U.S. High Yield Bond Index ETF (CAD-Hedged),Fixed Income,0.67,1049419500,,326010,2010-01-21
XIC,iShares Core S&P/TSX Capped Composite Index ETF,Equity,0.06,25670304000,,3944129,2001-02-16
XID,iShares India Index ETF,Equity,0.74,130296000,,25121,2010-01-21
XIG,iShares U.S. IG Corporate Bond Index ETF (CAD-Hedged),Fixed Income,0.32,289203750,,70947,2010-01-21
XIGS,iShares 1-5 Year U.S. IG Corporate Bond Index ETF (CAD-Hedged),Fixed Income,0.16,576264000,,115564,2021-07-06
XIN,iShares MSCI EAFE Index ETF (CAD-Hedged),Equity,0.51,1762334750,,180518,2001-09-06
XINC,iShares Core Income Balanced ETF Portfolio,Asset Allocation,0.17,119799250,,50250,2019-08-07
XIT,iShares S&P/TSX Capped Information Technology Index ETF,Equity,0.61,674690000,,108784,2001-03-19
XIU,iShares S&P/TSX 60 Index ETF,Equity,0.15,20782581000,,12352544,1999-09-28
XLB,iShares Core Canadian Long Term Bond Index ETF,Fixed Income,0.2,807976000,,224494,2006-11-06
XMA,iShares S&P/TSX Capped Materials Index ETF,Equity,0.55,741152000,,481670,2005-12-19
XMC,iShares S&P U.S. Mid-Cap Index ETF,Equity,0.16,602530500,,142657,2015-08-04
XMC.U,iShares S&P U.S. Mid-Cap Index ETF,Equity,0.15,24747500,,13537,2019-10-22
XMD,iShares S&P/TSX Completion Index ETF,Equity,0.6,706990000,,140725,2001-03-02
XMH,iShares S&P U.S. Mid-Cap Index ETF (CAD-Hedged),Equity,0.16,441416500,,149660,2015-08-04
XMI,iShares MSCI Min Vol EAFE Index ETF,Equity,0.37,175087500,,12299,2012-07-24
XML,iShares MSCI Min Vol EAFE Index ETF (CAD-Hedged),Equity,0.37,39588000,,6505,2016-04-05
XMM,iShares MSCI Min Vol Emerging Markets Index ETF,Equity,0.4,98658000,,15339,2012-07-24
XMS,iShares MSCI Min Vol USA Index ETF (CAD-Hedged),Equity,0.33,63541500,,8229,2016-04-05
XMTM,iShares MSCI USA Momentum Factor Index ETF,Equity,0.32,20751900,,14451,2019-09-04
XMU,iShares MSCI Min Vol USA Index ETF,Equity,0.33,377572500,,15970,2012-07-24
XMU.U,iShares MSCI Min Vol USA Index ETF,Equity,0.34,4856250,,350,2019-10-22
XMV,iShares MSCI Min Vol Canada Index ETF,Equity,0.33,389712000,,17848,2012-07-24
XMW,iShares MSCI Min Vol Global Index ETF,Equity,0.48,188727500,,10235,2012-07-24
XMY,iShares MSCI Min Vol Global Index ETF (CAD-Hedged),Equity,0.47,21031250,,1729,2016-04-05
XPF,iShares S&P/TSX North American Preferred Stock Index ETF (CAD-Hedged),Preferred Share,0.5,237272000,,22477,2010-11-16
XQB,iShares High Quality Canadian Bond Index ETF,Fixed Income,0.13,522917999.99999994,,109219,2009-11-19
XQLT,iShares MSCI USA Quality Factor Index ETF,Equity,0.31,210659499.99999997,,65260,2019-09-04
XQQ,iShares NASDAQ 100 Index ETF (CAD-Hedged),Equity,0.35,4303912500,,647349,2011-05-03
XQQU,iShares NASDAQ 100 Index ETF,Equity,0.35,148018800,,29560,2023-09-06
XQQU.U,iShares NASDAQ 100 Index ETF,Equity,0.35,14637500,,13513,2023-09-06
XRB,iShares Canadian Real Return Bond Index ETF,Fixed Income,0.39,251414999.99999997,,24562,2005-12-19
XRE,iShares S&P/TSX Capped REIT Index ETF,Equity,0.61,1084200000,,1342475,2002-10-17
XRP,Evolve XRP ETF,Cryptocurrency,0.75,30243800,,137567,2025-06-17
XRP.U,Evolve XRP ETF,Cryptocurrency,0.75,913160,,3290,2025-06-17
XRPP,Purpose XRP ETF,Cryptocurrency,0,54427500,,143153,2025-06-12
XRPP.B,Purpose XRP ETF,Cryptocurrency,0,17160000,,38089,2025-06-12
XRPP.U,Purpose XRP ETF,Cryptocurrency,0,3779125,,6788,2025-06-12
XRPQ,3iQ XRP ETF,Cryptocurrency,0,90312500,,134875,2025-06-17
XRPQ.U,3iQ XRP ETF,Cryptocurrency,0,67256250,,21430,2025-06-17
XSAB,iShares ESG Aware Canadian Aggregate Bond Index ETF,Fixed Income,0.17,227520500,,44420,2019-03-18
XSB,iShares Core Canadian Short Term Bond Index ETF,Fixed Income,0.1,3803936500,,832171,2000-11-20
XSC,iShares Conservative Short Term Strategic Fixed Income ETF,Fixed Income,0.44,65712000.00000001,,10447,2015-09-01
XSE,iShares Conservative Strategic Fixed Income ETF,Fixed Income,0.55,64676000,,12076,2015-09-01
XSEA,iShares ESG Aware MSCI EAFE Index ETF,Equity,0.28,316072500,,27683,2019-03-18
XSEM,iShares ESG Aware MSCI Emerging Markets Index ETF,Equity,0.31,4983823250,,378979,2019-03-18
XSH,iShares Core Canadian Short Term Corporate Bond Index ETF,Fixed Income,0.09,2382529500,,519180,2011-09-13
XSHG,iShares ESG Advanced 1-5 Year Canadian Corporate Bond Index ETF,Fixed Income,0.15,45172000,,3781,2021-07-23
XSHU,iShares 1-5 Year U.S. IG Corporate Bond Index ETF,Fixed Income,0.15,22673300,,13037,2021-07-06
XSHU.U,iShares 1-5 Year U.S. IG Corporate Bond Index ETF,Fixed Income,0.15,9297000,,2631,2021-07-06
XSI,iShares Short Term Strategic Fixed Income ETF,Fixed Income,0.55,46900000,,12638,2015-01-20
XSMB,iShares Core Canadian Short-Mid Term Universe Bond Index ETF,Fixed Income,0.15,9997500,,1118,2025-05-28
XSMC,iShares S&P U.S. Small-Cap Index ETF,Equity,0.22,80254850,,69753,2019-09-04
XSMH,iShares S&P U.S. Small-Cap Index ETF (CAD-Hedged),Equity,0.22,82986200,,114082,2019-09-04
XSP,iShares Core S&P 500 Index ETF (CAD-Hedged),Equity,0.08,13526287500,,854164,2001-05-24
XSPC,iShares S&P 500 3% Capped Index ETF (CAD-Hedged),Equity,0.12,387658500,,76443,2024-07-09
XST,iShares S&P/TSX Capped Consumer Staples Index ETF,Equity,0.61,374854000,,93589,2011-04-12
XSTB,iShares ESG Aware Canadian Short Term Bond Index ETF,Fixed Income,0.17,138390000,,20408,2019-03-18
XSTH,iShares 0-5 Year TIPS Bond Index ETF (CAD-Hedged),Fixed Income,0.1,2281251650,,1610384,2021-07-06
XSTP,iShares 0-5 Year TIPS Bond Index ETF,Fixed Income,0.1,117318950,,16624,2021-07-06
XSTP.U,iShares 0-5 Year TIPS Bond Index ETF,Fixed Income,0.1,11170800,,2203,2021-07-06
XSU,iShares U.S. Small Cap Index ETF (CAD-Hedged),Equity,0.35,676860000,,215403,2007-05-14
XSUS,iShares ESG Aware MSCI USA Index ETF,Equity,0.22,645793000,,79835,2019-03-18
XTLH,iShares 20+ Year U.S. Treasury Bond Index ETF (CAD-Hedged),Fixed Income,0.18,292199400,,134801,2023-02-07
XTLT,iShares 20+ Year U.S. Treasury Bond Index ETF,Fixed Income,0.18,71400000,,77075,2023-02-07
XTLT.U,iShares 20+ Year U.S. Treasury Bond Index ETF,Fixed Income,0.18,5555250,,1508,2023-02-07
XTOH,iShares Core S&P Total U.S. Stock Market Index ETF (CAD-Hedged),Equity,0.07,1098750,,308,2025-06-23
XTOT,iShares Core S&P Total U.S. Stock Market Index ETF,Equity,0.07,3464321250,,485813,2025-05-28
XTOT.U,iShares Core S&P Total U.S. Stock Market Index ETF,Equity,0.07,1509300,,69,2025-05-28
XTR,iShares Diversified Monthly Income ETF,Asset Allocation,0.61,365904000,,53329,2005-12-19
XUH,iShares Core S&P U.S. Total Market Index ETF (CAD-Hedged),Equity,0.08,457733500,,40642,2015-02-17
XUS,iShares Core S&P 500 Index ETF,Equity,0.08,10400700000,,563292,2013-04-10
XUS.U,iShares Core S&P 500 Index ETF,Equity,0.08,311033250,,29583,2019-10-09
XUSC,iShares S&P 500 3% Capped Index ETF,Equity,0.12,227625750,,33912,2024-07-09
XUSC.U,iShares S&P 500 3% Capped Index ETF,Equity,0.12,18779250,,16198,2024-07-09
XUSF,iShares S&P U.S. Financials Index ETF,Equity,0.25,49341900,,4662,2023-09-06
XUSR,iShares ESG Advanced MSCI USA Index ETF,Equity,0.22,407715000,,5881,2020-04-15
XUT,iShares S&P/TSX Capped Utilities Index ETF,Equity,0.61,402155000,,601676,2011-04-12
XUU,iShares Core S&P U.S. Total Market Index ETF,Equity,0.07,3914387750.0000005,,158132,2015-02-10
XUU.U,iShares Core S&P U.S. Total Market Index ETF,Equity,0.07,89954250,,32009,2019-10-22
XVLU,iShares MSCI USA Value Factor Index ETF,Equity,0.32,62825400,,72992,2019-09-04
XWD,iShares MSCI World Index ETF,Equity,0.44,1436212000,,142673,2009-06-18
ZACE,BMO U.S. All Cap Equity Fund,Equity,0.75,55296800,,2655,2021-06-07
ZAG,BMO Aggregate Bond Index ETF,Fixed Income,0.08,12129047454.465,,4026726,2010-01-19
ZBAL,BMO Balanced ETF,Asset Allocation,0.15,499489180,,170821,2019-02-11
ZBAL.T,BMO Balanced ETF,Asset Allocation,0.15,88770000,,50598,2022-01-23
ZBBB,BMO BBB Corporate Bond Index ETF,Fixed Income,0.15,35943480,,8235,2020-02-04
ZBI,BMO Canadian Bank Income Index ETF,Equity,0.25,155944030.88,,88884,2022-02-06
ZBK,BMO Equal Weight US Banks Index ETF,Equity,0.35,632210496,,203164,2014-02-10
ZCB,BMO Corporate Bond Index ETF,Fixed Income,0.15,1823250200,,91930,2018-03-02
ZCDB,BMO Corporate Discount Bond ETF,Fixed Income,0.15,59544346.455,,8035,2022-01-24
ZCH,BMO MSCI China Selection Equity Index ETF,Equity,0.6,130368846.45,,66254,2010-01-19
ZCLN,BMO Clean Energy Index ETF,Equity,0.35,68756940,,21051,2021-01-19
ZCM,BMO Mid Corporate Bond Index ETF,Fixed Income,0.3,1273084513.8,,376093,2010-01-19
ZCN,BMO S&P/TSX Capped Composite Index ETF,Equity,0.05,14967135634.62,,1095171,2009-05-29
ZCON,BMO Conservative ETF,Asset Allocation,0.15,91471890,,46990,2019-02-11
ZCS,BMO Short Corporate Bond Index ETF,Fixed Income,0.1,4141147584.7200003,,1540000,2009-10-20
ZCS.L,BMO Short Corporate Bond Index ETF,Fixed Income,0.1,43388750,,10957,2017-02-03
ZDB,BMO Discount Bond Index ETF,Fixed Income,0.09,1186227030,,274351,2014-02-10
ZDH,BMO International Dividend Hedged to CAD ETF,Equity,0.4,225329390,,26346,2015-09-02
ZDI,BMO International Dividend ETF,Equity,0.4,779800268,,154660,2014-11-05
ZDIV,BMO MSCI Canada IMI High Dividend Yield Index ETF,Equity,0.09,8017532.07,,6852,2026-02-03
ZDJ,BMO Dow Jones Industrial Average Hedged to CAD Index ETF,Equity,0.23,391265686.19,,49159,2009-05-29
ZDM,BMO MSCI EAFE Hedged to CAD Index ETF,Equity,0.2,1649295018.0000002,,159105,2009-10-20
ZDV,BMO Canadian Dividend ETF,Equity,0.35,1590020000,,211310,2011-10-21
ZDY,BMO US Dividend ETF,Equity,0.3,769647560,,42294,2013-03-19
ZDY.U,BMO US Dividend ETF,Equity,0.3,41935750,,1022,2013-03-19
ZEA,BMO MSCI EAFE Index ETF,Equity,0.2,11606629531.859999,,986117,2014-02-10
ZEAT,BMO Global Agriculture ETF,Equity,0.35,4303918.13,,1105,2023-01-23
ZEB,BMO Equal Weight Banks Index ETF,Equity,0.25,4739722361,,5454842,2009-10-20
ZEF,BMO Emerging Markets Bond Hedged to CAD Index ETF,Fixed Income,0.5,814344813.9,,72840,2010-05-21
ZEM,BMO MSCI Emerging Markets Index ETF,Equity,0.25,2782595400,,793279,2009-10-20
ZEO,BMO Equal Weight Oil & Gas Index ETF,Equity,0.55,304690134,,134814,2009-10-20
ZEQ,BMO MSCI Europe High Quality Hedged to CAD Index ETF,Equity,0.4,342971720,,25674,2014-02-10
ZEQL,BMO MSCI USA Equal Weight Index ETF,Equity,0.05,8775029.25,,2248,2026-02-03
ZEQL.F,BMO MSCI USA Equal Weight Index ETF,Equity,0.05,17580029.3,,11518,2026-02-03
ZEQL.U,BMO MSCI USA Equal Weight Index ETF,Equity,0.05,7395029.579999999,,1529,2026-02-03
ZEQT,BMO All-Equity ETF,Equity,0.15,588976531.29,,269380,2022-01-23
ZEQT.T,BMO All-Equity ETF,Equity,0.15,5850000,,9897,2026-02-09
ZESG,BMO Balanced ESG ETF,Asset Allocation,0.18,95744610,,15113,2020-01-16
ZESM,BMO MSCI EAFE Small-Mid Cap Index ETF,Equity,0.35,4336528.91,,3137,2026-02-03
ZFC,BMO SIA Focused Canadian Equity Fund,Equity,0.75,85558850,,4382,2018-12-06
ZFH,BMO Floating Rate High Yield ETF,Fixed Income,0.4,227899635.20000002,,240895,2014-02-10
ZFL,BMO Long Federal Bond Index ETF,Fixed Income,0.2,1274612998.1,,274398,2010-05-18
ZFM,BMO Mid Federal Bond Index ETF,Fixed Income,0.2,746903118.12,,267861,2009-05-29
ZFN,BMO SIA Focused North American Equity Fund,Equity,0.75,223763750,,16205,2018-12-06
ZFS,BMO Short Federal Bond Index ETF,Fixed Income,0.2,778487097.9250001,,1037902,2009-10-20
ZFS.L,BMO Short Federal Bond Index ETF,Fixed Income,0.2,10282500,,4393,2017-02-03
ZGB,BMO Government Bond Index ETF,Fixed Income,0.15,1328350320,,92652,2018-03-02
ZGD,BMO Equal Weight Global Gold Index ETF,Equity,0.55,377079889.5,,46739,2012-11-14
ZGI,BMO Global Infrastructure Index ETF,Equity,0.55,494960207.61,,19515,2010-01-19
ZGLD,BMO Gold Bullion ETF,Commodity,0.2,1758559914.32,,243628,2024-03-03
ZGLD.U,BMO Gold Bullion ETF,Commodity,0.2,42168664.11,,5437,2024-03-03
ZGLH,BMO Gold Bullion Hedged to CAD ETF,Commodity,0.2,254049430.16,,94886,2024-03-04
ZGQ,BMO MSCI All Country World High Quality Index ETF,Equity,0.45,1025816428.0000001,,47315,2014-11-05
ZGRN,BMO MSCI ACWI Paris Aligned Climate Equity Index ETF,Equity,0.25,7218793.75,,367,2022-01-24
ZGRO,BMO Growth ETF,Asset Allocation,0.15,622696470,,186256,2019-02-11
ZGRO.T,BMO Growth ETF,Asset Allocation,0.15,48830038.55,,35929,2023-01-22
ZHP,BMO US Preferred Share Hedged to CAD Index ETF,Preferred Share,0.45,24177070.000000004,,3963,2017-02-03
ZHU,BMO Equal Weight US Health Care Index ETF,Equity,0.35,9441120,,342,2019-02-11
ZHY,BMO High Yield US Corporate Bond Hedged to CAD Index ETF,Fixed Income,0.55,1460806916.48,,444568,2009-10-20
ZIC,BMO Mid-Term US IG Corporate Bond Index ETF,Fixed Income,0.25,3666998852.64,,147526,2013-03-19
ZIC.U,BMO Mid-Term US IG Corporate Bond Index ETF,Fixed Income,0.25,36896310,,5807,2013-03-19
ZID,BMO MSCI India Selection Equity Index ETF,Equity,0.6,180225802.35000002,,44651,2010-01-19
ZIN,BMO Equal Weight Industrials Index ETF,Equity,0.55,48487400,,4459,2012-11-14
ZIQ,BMO MSCI EAFE High Quality Index ETF,Equity,0.35,80635532.58,,8377,2024-10-21
ZIU,BMO S&P/TSX 60 Index ETF,Equity,0.13,247511683.73000002,,62816,2023-09-27
ZJG,BMO Junior Gold Index ETF,Equity,0.55,261971636.50000003,,66329,2010-01-19
ZJK,BMO High Yield US Corporate Bond Index ETF,Fixed Income,0.55,1647883440,,148991,2017-10-04
ZJK.U,BMO High Yield US Corporate Bond Index ETF,Fixed Income,0.55,7202490,,1350,2021-02-10
ZJPN,BMO Japan Index ETF,Equity,0.35,590730643.8,,101229,2022-01-24
ZJPN.F,BMO Japan Index ETF,Equity,0.35,58833065.370000005,,7187,2022-01-24
ZLB,BMO Low Volatility Canadian Equity ETF,Equity,0.35,5854961250,,468539,2011-10-21
ZLC,BMO Long Corporate Bond Index ETF,Fixed Income,0.3,450667365.10999995,,82937,2010-01-19
ZLD,BMO Low Volatility International Equity Hedged to CAD ETF,Equity,0.4,34442410,,18215,2016-02-04
ZLE,BMO Low Volatility Emerging Markets Equity ETF,Equity,0.45,76430718,,7845,2016-05-09
ZLH,BMO Low Volatility US Equity Hedged to CAD ETF,Equity,0.3,101647080,,9287,2016-02-03
ZLI,BMO Low Volatility International Equity ETF,Equity,0.4,280192566.84000003,,18581,2015-09-02
ZLSC,BMO Long Short Canadian Equity ETF,Alternative,0.65,89643345.61999999,,23983,2023-09-27
ZLSU,BMO Long Short US Equity ETF,Alternative,0.65,183750042,,102801,2023-09-27
ZLU,BMO Low Volatility US Equity ETF,Equity,0.3,2251574050,,157552,2013-03-19
ZLU.U,BMO Low Volatility US Equity ETF,Equity,0.3,103387500,,16763,2013-03-19
ZMBS,BMO Canadian MBS Index ETF,Fixed Income,0.15,437141410,,17065,2020-02-04
ZMI,BMO Monthly Income ETF,Asset Allocation,0.18,214528860,,73747,2011-01-28
ZMI.U,BMO Monthly Income ETF,Asset Allocation,0.18,7252031.079999999,,3335,2022-01-24
ZMID,BMO S&P US Mid Cap Index ETF,Equity,0.15,289830300,,10950,2020-02-04
ZMID.F,BMO S&P US Mid Cap Index ETF,Equity,0.15,11550000,,497,2020-02-05
ZMID.U,BMO S&P US Mid Cap Index ETF,Equity,0.15,16992500,,1775,2020-02-04
ZMMK,BMO Money Market Fund,Cash/Currency,0.12,5395436297.4,,1488819,2021-11-29
ZMP,BMO Mid Provincial Bond Index ETF,Fixed Income,0.25,750676245.69,,268494,2013-03-19
ZMT,BMO Equal Weight Global Base Metals Hedged to CAD Index ETF,Equity,0.55,64171402.4,,29802,2009-10-20
ZMU,BMO Mid-Term US IG Corporate Bond Hedged to CAD Index ETF,Fixed Income,0.25,3572582978.08,,715882,2013-03-20
ZNQ,BMO Nasdaq 100 Equity Index ETF,Equity,0.35,1800927960,,149950,2019-02-11
ZNQ.U,BMO Nasdaq 100 Equity Index ETF,Equity,0.35,45398500,,15889,2021-02-10
ZPAY,BMO Premium Yield ETF,Alternative,0.65,387099700,,66738,2020-01-15
ZPAY.F,BMO Premium Yield ETF,Alternative,0.65,44928000,,5661,2020-01-14
ZPAY.U,BMO Premium Yield ETF,Alternative,0.65,32056500,,4394,2020-01-15
ZPH,BMO US Put Write Hedged to CAD ETF,Alternative,0.65,34872170,,26980,2017-02-03
ZPL,BMO Long Provincial Bond Index ETF,Fixed Income,0.25,331309768.25,,100484,2013-03-19
ZPR,BMO Laddered Preferred Share Index ETF,Preferred Share,0.45,1512818991.97,,374318,2012-11-14
ZPR.U,BMO Laddered Preferred Share Index ETF,Preferred Share,0.45,20684520.18,,222,2022-01-23
ZPS,BMO Short Provincial Bond Index ETF,Fixed Income,0.25,394954728.58,,54217,2009-10-20
ZPS.L,BMO Short Provincial Bond Index ETF,Fixed Income,0.25,7532800,,929,2017-02-03
ZPW,BMO US Put Write ETF,Alternative,0.65,87573080,,29739,2015-09-02
ZPW.U,BMO US Put Write ETF,Alternative,0.65,6789600,,3884,2015-09-02
ZQB,BMO High Quality Corporate Bond Index ETF,Fixed Income,0.1,74817520,,29500,2020-02-04
ZQQ,BMO Nasdaq 100 Equity Hedged To CAD Index ETF,Equity,0.35,2624423734.4,,183121,2010-01-19
ZRE,BMO Equal Weight REITs Index ETF,Equity,0.55,587598549,,151609,2010-05-19
ZRR,BMO Real Return Bond Index ETF,Fixed Income,0.25,94289580,,44287,2010-05-19
ZSB,BMO Short-Term Bond Index ETF,Fixed Income,0.09,166900940,,14201,2018-03-02
ZSDB,BMO Short-Term Discount Bond ETF,Fixed Income,0.09,278750551.54,,42440,2022-01-24
ZSML,BMO S&P US Small Cap Index ETF,Equity,0.2,106176000,,8041,2020-02-04
ZSML.F,BMO S&P US Small Cap Index ETF,Equity,0.2,22005500,,1786,2020-02-04
ZSML.U,BMO S&P US Small Cap Index ETF,Equity,0.2,9244000,,398,2020-02-04
ZSP,BMO S&P 500 Index ETF,Equity,0.08,20711293158,,810400,2012-11-14
ZSP.U,BMO S&P 500 Index ETF,Equity,0.08,2506626720,,152742,2012-11-14
ZST,BMO Ultra Short-Term Bond ETF,Fixed Income,0.15,3738394800,,460124,2011-01-28
ZST.L,BMO Ultra Short-Term Bond ETF,Fixed Income,0.15,542946710,,96513,2017-02-03
ZSU,BMO Short-Term US IG Corporate Bond Hedged to CAD Index ETF,Fixed Income,0.25,314157235,,226784,2014-02-10
ZTIP,BMO Short-Term US TIPS Index ETF,Fixed Income,0.15,14460450,,4838,2021-01-19
ZTIP.F,BMO Short-Term US TIPS Index ETF,Fixed Income,0.15,192307960,,6793,2020-01-19
ZTIP.U,BMO Short-Term US TIPS Index ETF,Fixed Income,0.15,5160590,,165,2021-01-19
ZUAG,BMO US Aggregate Bond Index ETF,Fixed Income,0.08,6492381.67,,1547,2023-01-23
ZUAG.F,BMO US Aggregate Bond Index ETF,Fixed Income,0.08,1382702879.79,,81400,2023-01-22
ZUAG.U,BMO US Aggregate Bond Index ETF,Fixed Income,0.08,22540281.09,,1569,2023-01-23
ZUB,BMO Equal Weight US Banks Hedged to CAD Index ETF,Equity,0.35,369706651.5,,423404,2010-05-19
ZUCM,BMO USD Cash Management ETF,Cash/Currency,0.12,45874230.28,,16673,2023-09-27
ZUCM.U,BMO USD Cash Management ETF,Cash/Currency,0.12,100116730.02,,52731,2023-09-27
ZUD,BMO US Dividend Hedged to CAD ETF,Equity,0.3,151776000,,12743,2013-03-19
ZUE,BMO S&P 500 Hedged to CAD Index ETF,Equity,0.08,4042948033.7000003,,174751,2009-05-29
ZUH,BMO Equal Weight US Health Care Hedged to CAD Index ETF,Equity,0.35,170313900,,7366,2010-05-19
ZUP,BMO US Preferred Share Index ETF,Preferred Share,0.45,45165140,,4094,2017-02-03
ZUP.U,BMO US Preferred Share Index ETF,Preferred Share,0.45,8928850,,1160,2017-02-03
ZUQ,BMO MSCI USA High Quality Index ETF,Equity,0.3,1117850545,,76512,2014-11-05
ZUQ.F,BMO MSCI USA High Quality Index ETF,Equity,0.3,81200000,,21943,2020-07-16
ZUQ.U,BMO MSCI USA High Quality Index ETF,Equity,0.3,18879000,,801,2020-07-16
ZUS.U,BMO Ultra Short-Term US Bond ETF,Fixed Income,0.15,80368040,,12388,2019-02-12
ZUS.V,BMO Ultra Short-Term US Bond ETF,Fixed Income,0.15,102141270,,19049,2019-02-11
ZUT,BMO Equal Weight Utilities Index ETF,Equity,0.55,820313121,,335545,2010-01-19
ZVC,BMO MSCI Canada Value Index ETF,Equity,0.35,44345910,,4521,2017-10-04
ZVU,BMO MSCI USA Value Index ETF,Equity,0.3,113370040,,33720,2017-10-04
ZWA,BMO Covered Call Dow Jones Industrial Average Hedged to CAD ETF,Equity,0.65,197865720,,14243,2011-10-19
ZWA.T,BMO Covered Call Dow Jones Industrial Average Hedged to CAD ETF,Equity,0.65,1125000,,,2026-02-09
ZWB,BMO Covered Call Canadian Banks ETF,Equity,0.65,3812386500,,504372,2011-01-27
ZWB.T,BMO Covered Call Canadian Banks ETF,Equity,0.65,2182500,,807,2026-02-09
ZWB.U,BMO Covered Call Canadian Banks ETF,Equity,0.65,18888031.48,,6589,2022-01-24
ZWC,BMO Canadian High Dividend Covered Call ETF,Equity,0.65,2105440600,,361012,2017-02-02
ZWC.T,BMO Canadian High Dividend Covered Call ETF,Equity,0.65,1014500,,257,2026-02-09
ZWE,BMO Europe High Dividend Covered Call Hedged to CAD ETF,Equity,0.65,755939275,,128602,2015-09-01
ZWE.T,BMO Europe High Dividend Covered Call Hedged to CAD ETF,Equity,0.65,980749.9999999999,,365,2026-02-09
ZWEN,BMO Covered Call Energy ETF,Equity,0.65,157342503.47,,52775,2023-01-22
ZWEN.T,BMO Covered Call Energy ETF,Equity,0.65,1125000,,7,2026-02-09
ZWG,BMO Global High Dividend Covered Call ETF,Equity,0.65,285090000,,25139,2020-01-15
ZWG.T,BMO Global High Dividend Covered Call ETF,Equity,0.65,951750,,22,2026-02-09
ZWGD,BMO Covered Call Spread Gold Bullion ETF,Commodity,0.65,37827042.03,,8088,2025-05-21
ZWGD.T,BMO Covered Call Spread Gold Bullion ETF,Commodity,0.65,1015000,,13,2026-02-09
ZWH,BMO US High Dividend Covered Call ETF,Equity,0.65,1045022160,,129980,2014-02-09
ZWH.T,BMO US High Dividend Covered Call ETF,Equity,0.65,1125000,,20,2026-02-09
ZWH.U,BMO US High Dividend Covered Call ETF,Equity,0.65,82500000,,6143,2015-02-05
ZWHC,BMO Covered Call Health Care ETF,Equity,0.65,28066526.73,,5658,2023-01-22
ZWHC.T,BMO Covered Call Health Care ETF,Equity,0.65,1125000,,,2026-02-09
ZWK,BMO Covered Call US Banks ETF,Equity,0.65,310557375,,123673,2019-02-11
ZWK.T,BMO Covered Call US Banks ETF,Equity,0.65,1125000,,3,2026-02-09
ZWP,BMO Europe High Dividend Covered Call ETF,Equity,0.65,1059768000,,97853,2018-03-01
ZWP.T,BMO Europe High Dividend Covered Call ETF,Equity,0.65,3075000,,1390,2026-02-09
ZWQT,BMO Global Enhanced Income Fund,Equity,0.65,21932805.8,,8706,2023-06-21
ZWS,BMO US High Dividend Covered Call Hedged to CAD ETF,Equity,0.65,122032884,,29293,2018-03-01
ZWS.T,BMO US High Dividend Covered Call Hedged to CAD ETF,Equity,0.65,1120000,,280,2026-02-09
ZWT,BMO Covered Call Technology ETF,Equity,0.65,191821600,,28941,2021-01-19
ZWT.T,BMO Covered Call Technology ETF,Equity,0.65,1118750,,757,2026-02-09
ZWU,BMO Covered Call Utilities ETF,Equity,0.65,2135247310,,798528,2011-10-19
ZWU.T,BMO Covered Call Utilities ETF,Equity,0.65,2652000,,275,2026-02-09
ZXCO,BMO Target 2027 Canadian Corporate Bond ETF,Fixed Income,0.15,9595010.1,,5225,2025-03-17
ZXCP,BMO Target 2028 Canadian Corporate Bond ETF,Fixed Income,0.15,7545010.0600000005,,3886,2025-03-17
ZXCQ,BMO Target 2029 Canadian Corporate Bond ETF,Fixed Income,0.15,9566510.07,,3265,2025-03-17
ZXLB,BMO SPDR Materials Select Sector Index ETF,Equity,0.19,14995781.57,,14744,2025-02-02
ZXLB.F,BMO SPDR Materials Select Sector Index ETF,Equity,0.19,2475033,,569,2025-02-02
ZXLC,BMO SPDR Communication Services Select Sector Index ETF,Equity,0.19,9462031.54,,4290,2025-02-02
ZXLC.F,BMO SPDR Communication Services Select Sector Index ETF,Equity,0.19,4163783.31,,522,2025-02-02
ZXLE,BMO SPDR Energy Select Sector Index ETF,Equity,0.19,9100036.4,,8251,2025-02-02
ZXLE.F,BMO SPDR Energy Select Sector Index ETF,Equity,0.19,11616038.719999999,,2494,2025-02-02
ZXLF,BMO SPDR Financials Select Sector Index ETF,Equity,0.19,8827027.16,,7579,2025-02-02
ZXLF.F,BMO SPDR Financials Select Sector Index ETF,Equity,0.19,4935028.2,,1281,2025-02-02
ZXLI,BMO SPDR Industrials Select Sector Index ETF,Equity,0.19,28653533.71,,23204,2025-02-02
ZXLI.F,BMO SPDR Industrials Select Sector Index ETF,Equity,0.19,8019035.64,,1823,2025-02-02
ZXLK,BMO SPDR Technology Select Sector Index ETF,Equity,0.19,14475534.06,,13729,2025-02-02
ZXLK.F,BMO SPDR Technology Select Sector Index ETF,Equity,0.19,4457535.659999999,,3300,2025-02-02
ZXLP,BMO SPDR Consumer Staples Select Sector Index ETF,Equity,0.19,15095030.190000001,,40107,2025-02-02
ZXLP.F,BMO SPDR Consumer Staples Select Sector Index ETF,Equity,0.19,3139031.39,,252,2025-02-02
ZXLR,BMO SPDR Real Estate Select Sector Index ETF,Equity,0.19,1418028.3599999999,,145,2025-02-02
ZXLR.F,BMO SPDR Real Estate Select Sector Index ETF,Equity,0.19,1524530.49,,122,2025-02-02
ZXLU,BMO SPDR Utilities Select Sector Index ETF,Equity,0.19,29610033.840000004,,8624,2025-02-02
ZXLU.F,BMO SPDR Utilities Select Sector Index ETF,Equity,0.19,58641035.54,,2612,2025-02-02
ZXLV,BMO SPDR Health Care Select Sector Index ETF,Equity,0.19,16640528.940000001,,8892,2025-02-02
ZXLV.F,BMO SPDR Health Care Select Sector Index ETF,Equity,0.19,2978029.7800000003,,718,2025-02-02
ZXLY,BMO SPDR Consumer Discretionary Select Sector Index ETF,Equity,0.19,6205527.58,,3056,2025-02-02
ZXLY.F,BMO SPDR Consumer Discretionary Select Sector Index ETF,Equity,0.19,4306528.71,,689,2025-02-02
ZXM,CI Morningstar International Momentum Index ETF,Equity,0.6,53014115.28,,4503,2014-11-13
ZXM.B,CI Morningstar International Momentum Index ETF,Equity,0.6,26675790,,2548,2014-11-13
ZZZD,BMO Tactical Dividend ETF Fund,Equity,0.7,22395450,,1725,2019-01-08
